Ticker,pos_then_up,pos_then_down,neg_then_up,neg_then_down,considered,total_earnings,sum_pct
ARE,19/81 = 23.46%,23/81 = 28.40%,20/81 = 24.69%,19/81 = 23.46%,81,82,100.01
MAA,18/77 = 23.38%,19/77 = 24.68%,23/77 = 29.87%,17/77 = 22.08%,77,81,100.01
REG,14/82 = 17.07%,28/82 = 34.15%,19/82 = 23.17%,21/82 = 25.61%,82,85,100.0
INCY,22/86 = 25.58%,21/86 = 24.42%,23/86 = 26.74%,20/86 = 23.26%,86,89,100.0
MNST,32/83 = 38.55%,15/83 = 18.07%,25/83 = 30.12%,11/83 = 13.25%,83,83,99.99
IT,29/84 = 34.52%,23/84 = 27.38%,15/84 = 17.86%,17/84 = 20.24%,84,85,100.0
FI,21/80 = 26.25%,16/80 = 20.00%,21/80 = 26.25%,22/80 = 27.50%,80,84,100.0
KMI,7/55 = 12.73%,17/55 = 30.91%,20/55 = 36.36%,11/55 = 20.00%,55,58,100.0
LEN,19/82 = 23.17%,19/82 = 23.17%,23/82 = 28.05%,21/82 = 25.61%,82,84,100.0
CF,16/81 = 19.75%,21/81 = 25.93%,26/81 = 32.10%,18/81 = 22.22%,81,81,100.0
DDOG,5/25 = 20.00%,5/25 = 20.00%,8/25 = 32.00%,7/25 = 28.00%,25,25,100.0
HOLX,24/83 = 28.92%,21/83 = 25.30%,23/83 = 27.71%,15/83 = 18.07%,83,85,100.0
CRM,24/84 = 28.57%,23/84 = 27.38%,18/84 = 21.43%,19/84 = 22.62%,84,84,100.0
AJG,26/79 = 32.91%,18/79 = 22.78%,19/79 = 24.05%,16/79 = 20.25%,79,88,99.99
DRI,34/84 = 40.48%,22/84 = 26.19%,13/84 = 15.48%,15/84 = 17.86%,84,85,100.01
NDSN,25/85 = 29.41%,19/85 = 22.35%,20/85 = 23.53%,21/85 = 24.71%,85,85,100.0
RSG,32/86 = 37.21%,22/86 = 25.58%,10/86 = 11.63%,22/86 = 25.58%,86,89,100.0
YUM,21/83 = 25.30%,22/83 = 26.51%,24/83 = 28.92%,16/83 = 19.28%,83,89,100.01
WST,25/78 = 32.05%,17/78 = 21.79%,16/78 = 20.51%,20/78 = 25.64%,78,84,99.99
MU,18/83 = 21.69%,24/83 = 28.92%,14/83 = 16.87%,27/83 = 32.53%,83,85,100.01
IQV,16/48 = 33.33%,18/48 = 37.50%,6/48 = 12.50%,8/48 = 16.67%,48,50,100.0
EXR,19/76 = 25.00%,21/76 = 27.63%,20/76 = 26.32%,16/76 = 21.05%,76,80,100.0
EQR,19/83 = 22.89%,19/83 = 22.89%,20/83 = 24.10%,25/83 = 30.12%,83,85,100.0
MET,18/60 = 30.00%,18/60 = 30.00%,14/60 = 23.33%,10/60 = 16.67%,60,61,100.0
USB,22/78 = 28.21%,22/78 = 28.21%,20/78 = 25.64%,14/78 = 17.95%,78,82,100.01
POOL,26/83 = 31.33%,23/83 = 27.71%,22/83 = 26.51%,12/83 = 14.46%,83,87,100.01
EG,32/86 = 37.21%,17/86 = 19.77%,18/86 = 20.93%,19/86 = 22.09%,86,88,100.0
STX,22/85 = 25.88%,22/85 = 25.88%,16/85 = 18.82%,25/85 = 29.41%,85,85,99.99
TJX,18/79 = 22.78%,15/79 = 18.99%,26/79 = 32.91%,20/79 = 25.32%,79,85,100.0
LRCX,29/85 = 34.12%,23/85 = 27.06%,15/85 = 17.65%,18/85 = 21.18%,85,85,100.01
CI,5/27 = 18.52%,10/27 = 37.04%,4/27 = 14.81%,8/27 = 29.63%,27,27,100.0
TEAM,1/13 = 7.69%,4/13 = 30.77%,5/13 = 38.46%,3/13 = 23.08%,13,13,100.0
IDXX,18/87 = 20.69%,26/87 = 29.89%,22/87 = 25.29%,21/87 = 24.14%,87,89,100.01
CARR,7/23 = 30.43%,4/23 = 17.39%,6/23 = 26.09%,6/23 = 26.09%,23,23,100.0
RL,20/84 = 23.81%,15/84 = 17.86%,27/84 = 32.14%,22/84 = 26.19%,84,88,100.0
TRGP,21/60 = 35.00%,17/60 = 28.33%,7/60 = 11.67%,15/60 = 25.00%,60,60,100.0
DOC,20/79 = 25.32%,22/79 = 27.85%,17/79 = 21.52%,20/79 = 25.32%,79,90,100.01
EXC,15/60 = 25.00%,19/60 = 31.67%,12/60 = 20.00%,14/60 = 23.33%,60,65,100.0
MO,24/80 = 30.00%,25/80 = 31.25%,14/80 = 17.50%,17/80 = 21.25%,80,85,100.0
PNC,18/71 = 25.35%,18/71 = 25.35%,23/71 = 32.39%,12/71 = 16.90%,71,71,99.99
UNH,29/82 = 35.37%,27/82 = 32.93%,13/82 = 15.85%,13/82 = 15.85%,82,85,100.0
ORCL,19/77 = 24.68%,22/77 = 28.57%,13/77 = 16.88%,23/77 = 29.87%,77,79,100.0
EMN,23/86 = 26.74%,16/86 = 18.60%,23/86 = 26.74%,24/86 = 27.91%,86,88,99.99
INTU,22/85 = 25.88%,23/85 = 27.06%,21/85 = 24.71%,19/85 = 22.35%,85,85,100.0
ALB,20/82 = 24.39%,24/82 = 29.27%,19/82 = 23.17%,19/82 = 23.17%,82,86,100.0
ODFL,31/85 = 36.47%,21/85 = 24.71%,19/85 = 22.35%,14/85 = 16.47%,85,86,100.0
APP,9/19 = 47.37%,8/19 = 42.11%,1/19 = 5.26%,1/19 = 5.26%,19,19,100.0
BDX,20/81 = 24.69%,20/81 = 24.69%,22/81 = 27.16%,19/81 = 23.46%,81,85,100.0
NXPI,10/25 = 40.00%,6/25 = 24.00%,5/25 = 20.00%,4/25 = 16.00%,25,25,100.0
TGT,21/83 = 25.30%,21/83 = 25.30%,21/83 = 25.30%,20/83 = 24.10%,83,85,100.0
HPE,7/39 = 17.95%,12/39 = 30.77%,14/39 = 35.90%,6/39 = 15.38%,39,40,100.0
VTR,27/81 = 33.33%,19/81 = 23.46%,18/81 = 22.22%,17/81 = 20.99%,81,83,100.0
NRG,28/82 = 34.15%,20/82 = 24.39%,18/82 = 21.95%,16/82 = 19.51%,82,85,100.0
APA,4/19 = 21.05%,9/19 = 47.37%,5/19 = 26.32%,1/19 = 5.26%,19,19,100.0
BIIB,25/83 = 30.12%,18/83 = 21.69%,19/83 = 22.89%,21/83 = 25.30%,83,86,100.0
COIN,3/18 = 16.67%,6/18 = 33.33%,3/18 = 16.67%,6/18 = 33.33%,18,18,100.0
APH,38/81 = 46.91%,20/81 = 24.69%,17/81 = 20.99%,6/81 = 7.41%,81,85,100.0
L,23/80 = 28.75%,16/80 = 20.00%,24/80 = 30.00%,17/80 = 21.25%,80,83,100.0
UNP,25/86 = 29.07%,25/86 = 29.07%,17/86 = 19.77%,19/86 = 22.09%,86,89,100.0
BG,0/8 = 0.00%,6/8 = 75.00%,2/8 = 25.00%,0/8 = 0.00%,8,8,100.0
SPG,31/80 = 38.75%,24/80 = 30.00%,11/80 = 13.75%,14/80 = 17.50%,80,83,100.0
GPN,27/83 = 32.53%,20/83 = 24.10%,15/83 = 18.07%,21/83 = 25.30%,83,85,100.0
SW,3/6 = 50.00%,0/6 = 0.00%,1/6 = 16.67%,2/6 = 33.33%,6,6,100.0
VICI,6/31 = 19.35%,13/31 = 41.94%,8/31 = 25.81%,4/31 = 12.90%,31,31,100.0
UBER,7/27 = 25.93%,12/27 = 44.44%,5/27 = 18.52%,3/27 = 11.11%,27,27,100.0
CAG,29/83 = 34.94%,20/83 = 24.10%,17/83 = 20.48%,17/83 = 20.48%,83,88,100.0
WM,30/81 = 37.04%,19/81 = 23.46%,13/81 = 16.05%,19/81 = 23.46%,81,85,100.01
GNRC,16/62 = 25.81%,22/62 = 35.48%,8/62 = 12.90%,16/62 = 25.81%,62,63,100.0
DASH,4/20 = 20.00%,9/20 = 45.00%,3/20 = 15.00%,4/20 = 20.00%,20,20,100.0
PKG,21/79 = 26.58%,25/79 = 31.65%,17/79 = 21.52%,16/79 = 20.25%,79,85,100.0
VRTX,20/86 = 23.26%,23/86 = 26.74%,15/86 = 17.44%,28/86 = 32.56%,86,87,100.0
DHR,19/81 = 23.46%,23/81 = 28.40%,19/81 = 23.46%,20/81 = 24.69%,81,87,100.01
XYL,18/56 = 32.14%,14/56 = 25.00%,6/56 = 10.71%,18/56 = 32.14%,56,57,99.99
HCA,15/57 = 26.32%,19/57 = 33.33%,13/57 = 22.81%,10/57 = 17.54%,57,58,100.0
KEY,29/79 = 36.71%,15/79 = 18.99%,22/79 = 27.85%,13/79 = 16.46%,79,84,100.01
BXP,22/79 = 27.85%,16/79 = 20.25%,13/79 = 16.46%,28/79 = 35.44%,79,85,100.0
CFG,7/42 = 16.67%,18/42 = 42.86%,10/42 = 23.81%,7/42 = 16.67%,42,45,100.01
MCD,17/86 = 19.77%,26/86 = 30.23%,22/86 = 25.58%,21/86 = 24.42%,86,88,100.0
DOW,5/25 = 20.00%,9/25 = 36.00%,6/25 = 24.00%,5/25 = 20.00%,25,26,100.0
AVY,23/82 = 28.05%,20/82 = 24.39%,21/82 = 25.61%,18/82 = 21.95%,82,85,100.0
FTNT,18/64 = 28.12%,19/64 = 29.69%,13/64 = 20.31%,14/64 = 21.88%,64,64,100.0
ALL,26/79 = 32.91%,22/79 = 27.85%,12/79 = 15.19%,19/79 = 24.05%,79,81,100.0
SYF,15/45 = 33.33%,10/45 = 22.22%,9/45 = 20.00%,11/45 = 24.44%,45,45,99.99
KVUE,1/9 = 11.11%,1/9 = 11.11%,3/9 = 33.33%,4/9 = 44.44%,9,10,99.99
MKTX,26/82 = 31.71%,20/82 = 24.39%,22/82 = 26.83%,14/82 = 17.07%,82,83,100.0
CAH,14/84 = 16.67%,24/84 = 28.57%,25/84 = 29.76%,21/84 = 25.00%,84,89,100.0
ES,18/78 = 23.08%,20/78 = 25.64%,23/78 = 29.49%,17/78 = 21.79%,78,84,100.0
TECH,17/83 = 20.48%,24/83 = 28.92%,16/83 = 19.28%,26/83 = 31.33%,83,86,100.01
EBAY,22/85 = 25.88%,20/85 = 23.53%,12/85 = 14.12%,31/85 = 36.47%,85,85,100.0
WAB,20/80 = 25.00%,26/80 = 32.50%,16/80 = 20.00%,18/80 = 22.50%,80,83,100.0
JPM,12/48 = 25.00%,16/48 = 33.33%,7/48 = 14.58%,13/48 = 27.08%,48,49,99.99
COO,19/83 = 22.89%,19/83 = 22.89%,26/83 = 31.33%,19/83 = 22.89%,83,84,100.0
LOW,19/76 = 25.00%,18/76 = 23.68%,18/76 = 23.68%,21/76 = 27.63%,76,85,99.99
TSCO,28/80 = 35.00%,21/80 = 26.25%,17/80 = 21.25%,14/80 = 17.50%,80,84,100.0
WDC,16/86 = 18.60%,25/86 = 29.07%,24/86 = 27.91%,21/86 = 24.42%,86,87,100.0
STT,26/86 = 30.23%,22/86 = 25.58%,19/86 = 22.09%,19/86 = 22.09%,86,88,99.99
ABBV,13/47 = 27.66%,11/47 = 23.40%,8/47 = 17.02%,15/47 = 31.91%,47,50,99.99
ORLY,20/77 = 25.97%,15/77 = 19.48%,21/77 = 27.27%,21/77 = 27.27%,77,78,99.99
NUE,26/82 = 31.71%,24/82 = 29.27%,14/82 = 17.07%,18/82 = 21.95%,82,84,100.0
BA,18/81 = 22.22%,26/81 = 32.10%,22/81 = 27.16%,15/81 = 18.52%,81,82,100.0
ROST,19/84 = 22.62%,28/84 = 33.33%,23/84 = 27.38%,14/84 = 16.67%,84,84,100.0
EMR,18/82 = 21.95%,27/82 = 32.93%,19/82 = 23.17%,18/82 = 21.95%,82,85,100.0
KEYS,11/44 = 25.00%,15/44 = 34.09%,11/44 = 25.00%,7/44 = 15.91%,44,44,100.0
GWW,25/80 = 31.25%,19/80 = 23.75%,15/80 = 18.75%,21/80 = 26.25%,80,82,100.0
SMCI,27/72 = 37.50%,17/72 = 23.61%,8/72 = 11.11%,20/72 = 27.78%,72,75,100.0
AXP,12/60 = 20.00%,9/60 = 15.00%,18/60 = 30.00%,21/60 = 35.00%,60,61,100.0
D,20/80 = 25.00%,24/80 = 30.00%,18/80 = 22.50%,18/80 = 22.50%,80,87,100.0
PGR,23/84 = 27.38%,24/84 = 28.57%,18/84 = 21.43%,19/84 = 22.62%,84,86,100.0
WFC,12/28 = 42.86%,4/28 = 14.29%,7/28 = 25.00%,5/28 = 17.86%,28,29,100.01
AIG,12/61 = 19.67%,17/61 = 27.87%,13/61 = 21.31%,19/61 = 31.15%,61,64,100.0
O,20/81 = 24.69%,22/81 = 27.16%,25/81 = 30.86%,14/81 = 17.28%,81,85,99.99
SYY,20/78 = 25.64%,17/78 = 21.79%,17/78 = 21.79%,24/78 = 30.77%,78,85,99.99
NVDA,30/87 = 34.48%,20/87 = 22.99%,14/87 = 16.09%,23/87 = 26.44%,87,90,100.0
UPS,22/79 = 27.85%,15/79 = 18.99%,19/79 = 24.05%,23/79 = 29.11%,79,83,100.0
MSTR,14/64 = 21.88%,11/64 = 17.19%,17/64 = 26.56%,22/64 = 34.38%,64,65,100.01
PANW,14/51 = 27.45%,16/51 = 31.37%,9/51 = 17.65%,12/51 = 23.53%,51,54,100.0
IPG,21/71 = 29.58%,16/71 = 22.54%,19/71 = 26.76%,15/71 = 21.13%,71,81,100.01
CTSH,28/83 = 33.73%,24/83 = 28.92%,12/83 = 14.46%,19/83 = 22.89%,83,86,100.0
AAPL,21/84 = 25.00%,31/84 = 36.90%,16/84 = 19.05%,16/84 = 19.05%,84,85,100.0
ERIE,16/79 = 20.25%,18/79 = 22.78%,21/79 = 26.58%,24/79 = 30.38%,79,84,99.99
VLO,18/79 = 22.78%,25/79 = 31.65%,14/79 = 17.72%,22/79 = 27.85%,79,84,100.0
HUM,20/78 = 25.64%,17/78 = 21.79%,21/78 = 26.92%,20/78 = 25.64%,78,82,99.99
FDS,20/79 = 25.32%,14/79 = 17.72%,22/79 = 27.85%,23/79 = 29.11%,79,84,100.0
LKQ,18/78 = 23.08%,25/78 = 32.05%,22/78 = 28.21%,13/78 = 16.67%,78,81,100.01
GM,17/58 = 29.31%,17/58 = 29.31%,12/58 = 20.69%,12/58 = 20.69%,58,60,100.0
TAP,17/86 = 19.77%,16/86 = 18.60%,25/86 = 29.07%,28/86 = 32.56%,86,89,100.0
SRE,22/81 = 27.16%,25/81 = 30.86%,21/81 = 25.93%,13/81 = 16.05%,81,86,100.0
AON,18/79 = 22.78%,18/79 = 22.78%,21/79 = 26.58%,22/79 = 27.85%,79,84,99.99
PH,21/82 = 25.61%,26/82 = 31.71%,20/82 = 24.39%,15/82 = 18.29%,82,84,100.0
VTRS,3/19 = 15.79%,4/19 = 21.05%,8/19 = 42.11%,4/19 = 21.05%,19,20,100.0
CMCSA,18/83 = 21.69%,22/83 = 26.51%,24/83 = 28.92%,19/83 = 22.89%,83,84,100.01
AXON,26/73 = 35.62%,20/73 = 27.40%,10/73 = 13.70%,17/73 = 23.29%,73,75,100.01
PSX,12/53 = 22.64%,9/53 = 16.98%,16/53 = 30.19%,16/53 = 30.19%,53,53,100.0
PNW,19/68 = 27.94%,17/68 = 25.00%,15/68 = 22.06%,17/68 = 25.00%,68,68,100.0
WMB,28/85 = 32.94%,20/85 = 23.53%,19/85 = 22.35%,18/85 = 21.18%,85,85,100.0
ETR,27/81 = 33.33%,16/81 = 19.75%,24/81 = 29.63%,14/81 = 17.28%,81,85,99.99
LMT,21/81 = 25.93%,35/81 = 43.21%,13/81 = 16.05%,12/81 = 14.81%,81,85,100.0
CME,17/82 = 20.73%,24/82 = 29.27%,20/82 = 24.39%,21/82 = 25.61%,82,89,100.0
SNPS,28/86 = 32.56%,28/86 = 32.56%,14/86 = 16.28%,16/86 = 18.60%,86,86,100.0
ETN,13/52 = 25.00%,15/52 = 28.85%,14/52 = 26.92%,10/52 = 19.23%,52,52,100.0
SBAC,19/83 = 22.89%,27/83 = 32.53%,24/83 = 28.92%,13/83 = 15.66%,83,86,100.0
FDX,18/84 = 21.43%,24/84 = 28.57%,22/84 = 26.19%,20/84 = 23.81%,84,85,100.0
AMAT,18/84 = 21.43%,21/84 = 25.00%,25/84 = 29.76%,20/84 = 23.81%,84,84,100.0
NSC,27/82 = 32.93%,19/82 = 23.17%,18/82 = 21.95%,18/82 = 21.95%,82,84,100.0
PEP,29/86 = 33.72%,20/86 = 23.26%,23/86 = 26.74%,14/86 = 16.28%,86,89,100.0
TYL,23/77 = 29.87%,18/77 = 23.38%,19/77 = 24.68%,17/77 = 22.08%,77,81,100.01
PFE,20/79 = 25.32%,25/79 = 31.65%,12/79 = 15.19%,22/79 = 27.85%,79,85,100.01
IRM,21/81 = 25.93%,18/81 = 22.22%,25/81 = 30.86%,17/81 = 20.99%,81,88,100.0
AOS,24/82 = 29.27%,30/82 = 36.59%,13/82 = 15.85%,15/82 = 18.29%,82,85,100.0
CNP,21/81 = 25.93%,21/81 = 25.93%,16/81 = 19.75%,23/81 = 28.40%,81,83,100.01
LW,8/36 = 22.22%,8/36 = 22.22%,13/36 = 36.11%,7/36 = 19.44%,36,36,99.99
REGN,17/84 = 20.24%,19/84 = 22.62%,19/84 = 22.62%,29/84 = 34.52%,84,85,100.0
ABT,31/80 = 38.75%,21/80 = 26.25%,14/80 = 17.50%,14/80 = 17.50%,80,86,100.0
SJM,15/75 = 20.00%,19/75 = 25.33%,16/75 = 21.33%,25/75 = 33.33%,75,82,99.99
XOM,21/81 = 25.93%,13/81 = 16.05%,24/81 = 29.63%,23/81 = 28.40%,81,85,100.01
MRVL,3/18 = 16.67%,3/18 = 16.67%,4/18 = 22.22%,8/18 = 44.44%,18,18,100.0
KDP,18/62 = 29.03%,17/62 = 27.42%,14/62 = 22.58%,13/62 = 20.97%,62,66,100.0
ECL,23/81 = 28.40%,23/81 = 28.40%,19/81 = 23.46%,16/81 = 19.75%,81,85,100.01
NVR,18/80 = 22.50%,16/80 = 20.00%,22/80 = 27.50%,24/80 = 30.00%,80,85,100.0
HSY,26/82 = 31.71%,19/82 = 23.17%,16/82 = 19.51%,21/82 = 25.61%,82,84,100.0
UAL,21/58 = 36.21%,20/58 = 34.48%,7/58 = 12.07%,10/58 = 17.24%,58,58,100.0
MA,22/77 = 28.57%,23/77 = 29.87%,18/77 = 23.38%,14/77 = 18.18%,77,78,100.0
MPWR,29/82 = 35.37%,26/82 = 31.71%,20/82 = 24.39%,7/82 = 8.54%,82,84,100.01
PYPL,14/41 = 34.15%,8/41 = 19.51%,7/41 = 17.07%,12/41 = 29.27%,41,41,100.0
K,24/84 = 28.57%,21/84 = 25.00%,22/84 = 26.19%,17/84 = 20.24%,84,88,100.0
TDG,26/68 = 38.24%,19/68 = 27.94%,14/68 = 20.59%,9/68 = 13.24%,68,75,100.01
CL,25/81 = 30.86%,17/81 = 20.99%,16/81 = 19.75%,23/81 = 28.40%,81,82,100.0
PTC,21/85 = 24.71%,24/85 = 28.24%,21/85 = 24.71%,19/85 = 22.35%,85,86,100.01
OTIS,9/23 = 39.13%,8/23 = 34.78%,2/23 = 8.70%,4/23 = 17.39%,23,23,100.0
C,12/50 = 24.00%,16/50 = 32.00%,13/50 = 26.00%,9/50 = 18.00%,50,50,100.0
BAX,18/87 = 20.69%,25/87 = 28.74%,21/87 = 24.14%,23/87 = 26.44%,87,89,100.01
IP,16/85 = 18.82%,22/85 = 25.88%,26/85 = 30.59%,21/85 = 24.71%,85,87,100.0
F,16/59 = 27.12%,12/59 = 20.34%,10/59 = 16.95%,21/59 = 35.59%,59,61,100.0
HBAN,21/65 = 32.31%,18/65 = 27.69%,14/65 = 21.54%,12/65 = 18.46%,65,68,100.0
HIG,28/81 = 34.57%,17/81 = 20.99%,16/81 = 19.75%,20/81 = 24.69%,81,86,100.0
VLTO,4/9 = 44.44%,1/9 = 11.11%,2/9 = 22.22%,2/9 = 22.22%,9,9,99.99
RCL,22/81 = 27.16%,22/81 = 27.16%,18/81 = 22.22%,19/81 = 23.46%,81,83,100.0
DLR,14/68 = 20.59%,17/68 = 25.00%,14/68 = 20.59%,23/68 = 33.82%,68,69,100.0
MOH,25/80 = 31.25%,19/80 = 23.75%,15/80 = 18.75%,21/80 = 26.25%,80,82,100.0
MCK,25/82 = 30.49%,23/82 = 28.05%,14/82 = 17.07%,20/82 = 24.39%,82,84,100.0
NKE,24/84 = 28.57%,22/84 = 26.19%,16/84 = 19.05%,22/84 = 26.19%,84,85,100.0
LYB,16/57 = 28.07%,17/57 = 29.82%,9/57 = 15.79%,15/57 = 26.32%,57,60,100.0
AMCR,6/24 = 25.00%,6/24 = 25.00%,5/24 = 20.83%,7/24 = 29.17%,24,26,100.0
APO,2/16 = 12.50%,5/16 = 31.25%,7/16 = 43.75%,2/16 = 12.50%,16,16,100.0
EQT,20/85 = 23.53%,22/85 = 25.88%,20/85 = 23.53%,23/85 = 27.06%,85,89,100.0
MHK,30/85 = 35.29%,20/85 = 23.53%,13/85 = 15.29%,22/85 = 25.88%,85,86,99.99
HAL,29/85 = 34.12%,27/85 = 31.76%,18/85 = 21.18%,11/85 = 12.94%,85,89,100.0
ADM,21/80 = 26.25%,21/80 = 26.25%,14/80 = 17.50%,24/80 = 30.00%,80,84,100.0
TSN,24/80 = 30.00%,16/80 = 20.00%,21/80 = 26.25%,19/80 = 23.75%,80,84,100.0
ISRG,33/86 = 38.37%,18/86 = 20.93%,16/86 = 18.60%,19/86 = 22.09%,86,86,99.99
LYV,19/78 = 24.36%,23/78 = 29.49%,20/78 = 25.64%,16/78 = 20.51%,78,80,100.0
MLM,16/81 = 19.75%,21/81 = 25.93%,24/81 = 29.63%,20/81 = 24.69%,81,85,100.0
DHI,22/81 = 27.16%,23/81 = 28.40%,14/81 = 17.28%,22/81 = 27.16%,81,86,100.0
EXPD,24/87 = 27.59%,18/87 = 20.69%,25/87 = 28.74%,20/87 = 22.99%,87,90,100.01
BX,27/70 = 38.57%,25/70 = 35.71%,9/70 = 12.86%,9/70 = 12.86%,70,73,100.0
COST,20/85 = 23.53%,22/85 = 25.88%,25/85 = 29.41%,18/85 = 21.18%,85,86,100.0
CHRW,23/84 = 27.38%,17/84 = 20.24%,18/84 = 21.43%,26/84 = 30.95%,84,85,100.0
CINF,24/85 = 28.24%,25/85 = 29.41%,13/85 = 15.29%,23/85 = 27.06%,85,87,100.0
PNR,17/84 = 20.24%,31/84 = 36.90%,18/84 = 21.43%,18/84 = 21.43%,84,85,100.0
PLD,20/84 = 23.81%,26/84 = 30.95%,19/84 = 22.62%,19/84 = 22.62%,84,85,100.0
HSIC,20/85 = 23.53%,15/85 = 17.65%,26/85 = 30.59%,24/85 = 28.24%,85,86,100.01
VRSK,16/58 = 27.59%,14/58 = 24.14%,14/58 = 24.14%,14/58 = 24.14%,58,62,100.01
JNJ,16/83 = 19.28%,26/83 = 31.33%,24/83 = 28.92%,17/83 = 20.48%,83,85,100.01
APD,16/83 = 19.28%,18/83 = 21.69%,26/83 = 31.33%,23/83 = 27.71%,83,85,100.01
CPT,27/75 = 36.00%,22/75 = 29.33%,14/75 = 18.67%,12/75 = 16.00%,75,85,100.0
HAS,15/82 = 18.29%,25/82 = 30.49%,20/82 = 24.39%,22/82 = 26.83%,82,84,100.0
HST,22/79 = 27.85%,28/79 = 35.44%,19/79 = 24.05%,10/79 = 12.66%,79,85,100.0
TER,23/81 = 28.40%,20/81 = 24.69%,22/81 = 27.16%,16/81 = 19.75%,81,85,100.0
SLB,25/79 = 31.65%,19/79 = 24.05%,20/79 = 25.32%,15/79 = 18.99%,79,84,100.01
AIZ,25/86 = 29.07%,17/86 = 19.77%,23/86 = 26.74%,21/86 = 24.42%,86,87,100.0
MTB,24/84 = 28.57%,18/84 = 21.43%,20/84 = 23.81%,22/84 = 26.19%,84,85,100.0
CPAY,23/57 = 40.35%,12/57 = 21.05%,7/57 = 12.28%,15/57 = 26.32%,57,60,100.0
PWR,25/84 = 29.76%,25/84 = 29.76%,17/84 = 20.24%,17/84 = 20.24%,84,84,100.0
CEG,6/14 = 42.86%,4/14 = 28.57%,1/14 = 7.14%,3/14 = 21.43%,14,14,100.0
TTWO,24/78 = 30.77%,24/78 = 30.77%,12/78 = 15.38%,18/78 = 23.08%,78,80,100.0
JCI,21/79 = 26.58%,21/79 = 26.58%,18/79 = 22.78%,19/79 = 24.05%,79,86,99.99
MTD,27/82 = 32.93%,18/82 = 21.95%,21/82 = 25.61%,16/82 = 19.51%,82,83,100.0
STE,12/27 = 44.44%,5/27 = 18.52%,2/27 = 7.41%,8/27 = 29.63%,27,27,100.0
TMUS,28/71 = 39.44%,20/71 = 28.17%,13/71 = 18.31%,10/71 = 14.08%,71,74,100.0
FRT,14/80 = 17.50%,26/80 = 32.50%,20/80 = 25.00%,20/80 = 25.00%,80,84,100.0
CTAS,26/84 = 30.95%,30/84 = 35.71%,11/84 = 13.10%,17/84 = 20.24%,84,87,100.0
PPL,11/55 = 20.00%,20/55 = 36.36%,7/55 = 12.73%,17/55 = 30.91%,55,60,100.0
URI,29/83 = 34.94%,21/83 = 25.30%,19/83 = 22.89%,14/83 = 16.87%,83,84,100.0
IVZ,11/71 = 15.49%,23/71 = 32.39%,19/71 = 26.76%,18/71 = 25.35%,71,74,99.99
ENPH,15/55 = 27.27%,12/55 = 21.82%,15/55 = 27.27%,13/55 = 23.64%,55,55,100.0
TDY,18/82 = 21.95%,28/82 = 34.15%,15/82 = 18.29%,21/82 = 25.61%,82,85,100.0
AWK,17/69 = 24.64%,22/69 = 31.88%,18/69 = 26.09%,12/69 = 17.39%,69,71,100.0
ZBRA,18/79 = 22.78%,24/79 = 30.38%,15/79 = 18.99%,22/79 = 27.85%,79,83,100.0
CDW,16/49 = 32.65%,10/49 = 20.41%,8/49 = 16.33%,15/49 = 30.61%,49,50,100.0
DLTR,17/76 = 22.37%,22/76 = 28.95%,19/76 = 25.00%,18/76 = 23.68%,76,76,100.0
GILD,24/83 = 28.92%,12/83 = 14.46%,20/83 = 24.10%,27/83 = 32.53%,83,85,100.01
ALLE,14/45 = 31.11%,13/45 = 28.89%,12/45 = 26.67%,6/45 = 13.33%,45,48,100.0
STZ,24/78 = 30.77%,26/78 = 33.33%,14/78 = 17.95%,14/78 = 17.95%,78,81,100.0
LDOS,16/72 = 22.22%,24/72 = 33.33%,17/72 = 23.61%,15/72 = 20.83%,72,74,99.99
SO,20/84 = 23.81%,24/84 = 28.57%,18/84 = 21.43%,22/84 = 26.19%,84,88,100.0
CAT,14/70 = 20.00%,18/70 = 25.71%,18/70 = 25.71%,20/70 = 28.57%,70,70,99.99
ULTA,25/72 = 34.72%,25/72 = 34.72%,14/72 = 19.44%,8/72 = 11.11%,72,72,99.99
FANG,13/50 = 26.00%,14/50 = 28.00%,16/50 = 32.00%,7/50 = 14.00%,50,51,100.0
APTV,19/55 = 34.55%,17/55 = 30.91%,6/55 = 10.91%,13/55 = 23.64%,55,56,100.01
DAY,6/31 = 19.35%,10/31 = 32.26%,8/31 = 25.81%,7/31 = 22.58%,31,31,100.0
PCAR,21/86 = 24.42%,31/86 = 36.05%,22/86 = 25.58%,12/86 = 13.95%,86,89,100.0
CLX,15/84 = 17.86%,24/84 = 28.57%,26/84 = 30.95%,19/84 = 22.62%,84,86,100.0
BLK,2/5 = 40.00%,3/5 = 60.00%,0/5 = 0.00%,0/5 = 0.00%,5,5,100.0
CPRT,22/86 = 25.58%,20/86 = 23.26%,22/86 = 25.58%,22/86 = 25.58%,86,86,100.0
DXCM,23/78 = 29.49%,15/78 = 19.23%,19/78 = 24.36%,21/78 = 26.92%,78,82,100.0
HD,20/86 = 23.26%,27/86 = 31.40%,20/86 = 23.26%,19/86 = 22.09%,86,90,100.01
RJF,21/58 = 36.21%,12/58 = 20.69%,12/58 = 20.69%,13/58 = 22.41%,58,60,100.0
NOW,22/53 = 41.51%,15/53 = 28.30%,9/53 = 16.98%,7/53 = 13.21%,53,54,100.0
FCX,26/88 = 29.55%,22/88 = 25.00%,15/88 = 17.05%,25/88 = 28.41%,88,89,100.01
WYNN,18/71 = 25.35%,18/71 = 25.35%,20/71 = 28.17%,15/71 = 21.13%,71,72,100.0
ESS,20/79 = 25.32%,17/79 = 21.52%,23/79 = 29.11%,19/79 = 24.05%,79,81,100.0
EPAM,13/55 = 23.64%,19/55 = 34.55%,13/55 = 23.64%,10/55 = 18.18%,55,55,100.01
KO,18/83 = 21.69%,34/83 = 40.96%,15/83 = 18.07%,16/83 = 19.28%,83,85,100.0
EXPE,25/80 = 31.25%,21/80 = 26.25%,12/80 = 15.00%,22/80 = 27.50%,80,81,100.0
VST,11/33 = 33.33%,12/33 = 36.36%,7/33 = 21.21%,3/33 = 9.09%,33,33,99.99
TKO,2/9 = 22.22%,3/9 = 33.33%,0/9 = 0.00%,4/9 = 44.44%,9,9,99.99
XYZ,8/39 = 20.51%,13/39 = 33.33%,10/39 = 25.64%,8/39 = 20.51%,39,39,99.99
LLY,21/80 = 26.25%,21/80 = 26.25%,16/80 = 20.00%,22/80 = 27.50%,80,86,100.0
ELV,18/80 = 22.50%,20/80 = 25.00%,18/80 = 22.50%,24/80 = 30.00%,80,84,100.0
CSX,21/83 = 25.30%,28/83 = 33.73%,16/83 = 19.28%,18/83 = 21.69%,83,85,100.0
GL,23/77 = 29.87%,21/77 = 27.27%,15/77 = 19.48%,18/77 = 23.38%,77,85,100.0
ICE,12/48 = 25.00%,12/48 = 25.00%,13/48 = 27.08%,11/48 = 22.92%,48,48,100.0
WELL,17/85 = 20.00%,21/85 = 24.71%,25/85 = 29.41%,22/85 = 25.88%,85,89,100.0
FTV,10/37 = 27.03%,8/37 = 21.62%,8/37 = 21.62%,11/37 = 29.73%,37,38,100.0
PHM,31/87 = 35.63%,25/87 = 28.74%,14/87 = 16.09%,17/87 = 19.54%,87,89,100.0
MTCH,19/79 = 24.05%,25/79 = 31.65%,21/79 = 26.58%,14/79 = 17.72%,79,84,100.0
EVRG,3/28 = 10.71%,12/28 = 42.86%,6/28 = 21.43%,7/28 = 25.00%,28,30,100.0
TXN,19/87 = 21.84%,16/87 = 18.39%,22/87 = 25.29%,30/87 = 34.48%,87,87,100.0
KKR,19/58 = 32.76%,18/58 = 31.03%,14/58 = 24.14%,7/58 = 12.07%,58,61,100.0
IEX,25/82 = 30.49%,26/82 = 31.71%,16/82 = 19.51%,15/82 = 18.29%,82,89,100.0
KMX,15/82 = 18.29%,23/82 = 28.05%,21/82 = 25.61%,23/82 = 28.05%,82,86,100.0
NTRS,15/83 = 18.07%,30/83 = 36.14%,16/83 = 19.28%,22/83 = 26.51%,83,85,100.0
MRK,14/81 = 17.28%,27/81 = 33.33%,20/81 = 24.69%,20/81 = 24.69%,81,85,99.99
VZ,30/75 = 40.00%,18/75 = 24.00%,12/75 = 16.00%,15/75 = 20.00%,75,79,100.0
MMC,18/81 = 22.22%,20/81 = 24.69%,24/81 = 29.63%,19/81 = 23.46%,81,85,100.0
TFC,17/74 = 22.97%,23/74 = 31.08%,17/74 = 22.97%,17/74 = 22.97%,74,76,99.99
CPB,11/82 = 13.41%,21/82 = 25.61%,30/82 = 36.59%,20/82 = 24.39%,82,88,100.0
TT,23/64 = 35.94%,17/64 = 26.56%,14/64 = 21.88%,10/64 = 15.62%,64,66,100.0
PM,24/69 = 34.78%,14/69 = 20.29%,24/69 = 34.78%,7/69 = 10.14%,69,71,99.99
FOX,8/27 = 29.63%,11/27 = 40.74%,3/27 = 11.11%,5/27 = 18.52%,27,27,100.0
GE,11/82 = 13.41%,34/82 = 41.46%,8/82 = 9.76%,29/82 = 35.37%,82,84,100.0
TROW,6/30 = 20.00%,6/30 = 20.00%,9/30 = 30.00%,9/30 = 30.00%,30,30,100.0
PAYC,16/46 = 34.78%,15/46 = 32.61%,5/46 = 10.87%,10/46 = 21.74%,46,47,100.0
AMGN,17/88 = 19.32%,18/88 = 20.45%,23/88 = 26.14%,30/88 = 34.09%,88,89,100.0
BRO,19/79 = 24.05%,27/79 = 34.18%,15/79 = 18.99%,18/79 = 22.78%,79,84,100.0
TRMB,36/85 = 42.35%,16/85 = 18.82%,17/85 = 20.00%,16/85 = 18.82%,85,86,99.99
VMC,13/68 = 19.12%,24/68 = 35.29%,16/68 = 23.53%,15/68 = 22.06%,68,69,100.0
NEE,13/72 = 18.06%,20/72 = 27.78%,17/72 = 23.61%,22/72 = 30.56%,72,73,100.01
IBM,23/75 = 30.67%,6/75 = 8.00%,20/75 = 26.67%,26/75 = 34.67%,75,76,100.01
BSX,21/82 = 25.61%,30/82 = 36.59%,14/82 = 17.07%,17/82 = 20.73%,82,86,100.0
LIN,10/24 = 41.67%,6/24 = 25.00%,4/24 = 16.67%,4/24 = 16.67%,24,26,100.01
ED,18/74 = 24.32%,20/74 = 27.03%,22/74 = 29.73%,14/74 = 18.92%,74,79,100.0
T,11/51 = 21.57%,13/51 = 25.49%,12/51 = 23.53%,15/51 = 29.41%,51,56,100.0
MMM,21/88 = 23.86%,31/88 = 35.23%,17/88 = 19.32%,19/88 = 21.59%,88,89,100.0
BALL,23/82 = 28.05%,26/82 = 31.71%,13/82 = 15.85%,20/82 = 24.39%,82,85,100.0
KR,21/77 = 27.27%,19/77 = 24.68%,18/77 = 23.38%,19/77 = 24.68%,77,85,100.01
WY,22/75 = 29.33%,15/75 = 20.00%,12/75 = 16.00%,26/75 = 34.67%,75,82,100.0
COP,24/83 = 28.92%,23/83 = 27.71%,16/83 = 19.28%,20/83 = 24.10%,83,85,100.01
SBUX,25/88 = 28.41%,16/88 = 18.18%,32/88 = 36.36%,15/88 = 17.05%,88,89,100.0
BMY,17/80 = 21.25%,32/80 = 40.00%,18/80 = 22.50%,13/80 = 16.25%,80,84,100.0
DVN,17/83 = 20.48%,24/83 = 28.92%,14/83 = 16.87%,28/83 = 33.73%,83,85,100.0
GD,23/83 = 27.71%,22/83 = 26.51%,17/83 = 20.48%,21/83 = 25.30%,83,86,100.0
GOOG,4/40 = 10.00%,19/40 = 47.50%,6/40 = 15.00%,11/40 = 27.50%,40,41,100.0
MAS,26/81 = 32.10%,18/81 = 22.22%,19/81 = 23.46%,18/81 = 22.22%,81,84,100.0
NDAQ,22/83 = 26.51%,30/83 = 36.14%,17/83 = 20.48%,14/83 = 16.87%,83,85,100.0
PAYX,24/86 = 27.91%,16/86 = 18.60%,21/86 = 24.42%,25/86 = 29.07%,86,89,100.0
MDLZ,19/74 = 25.68%,24/74 = 32.43%,16/74 = 21.62%,15/74 = 20.27%,74,75,100.0
BKR,9/33 = 27.27%,6/33 = 18.18%,6/33 = 18.18%,12/33 = 36.36%,33,34,99.99
MGM,18/77 = 23.38%,17/77 = 22.08%,18/77 = 23.38%,24/77 = 31.17%,77,78,100.01
WAT,21/81 = 25.93%,25/81 = 30.86%,12/81 = 14.81%,23/81 = 28.40%,81,85,100.0
CMG,27/77 = 35.06%,9/77 = 11.69%,14/77 = 18.18%,27/77 = 35.06%,77,78,99.99
ANET,15/46 = 32.61%,7/46 = 15.22%,14/46 = 30.43%,10/46 = 21.74%,46,46,100.0
GS,14/58 = 24.14%,15/58 = 25.86%,17/58 = 29.31%,12/58 = 20.69%,58,58,100.0
AVB,20/86 = 23.26%,25/86 = 29.07%,24/86 = 27.91%,17/86 = 19.77%,86,88,100.01
MOS,18/71 = 25.35%,19/71 = 26.76%,19/71 = 26.76%,15/71 = 21.13%,71,73,100.0
GIS,24/83 = 28.92%,25/83 = 30.12%,19/83 = 22.89%,15/83 = 18.07%,83,85,100.0
FAST,19/80 = 23.75%,28/80 = 35.00%,20/80 = 25.00%,13/80 = 16.25%,80,85,100.0
LNT,14/78 = 17.95%,28/78 = 35.90%,20/78 = 25.64%,16/78 = 20.51%,78,84,100.0
PRU,20/79 = 25.32%,14/79 = 17.72%,25/79 = 31.65%,20/79 = 25.32%,79,80,100.01
RTX,27/84 = 32.14%,22/84 = 26.19%,15/84 = 17.86%,20/84 = 23.81%,84,88,100.0
PSA,21/72 = 29.17%,15/72 = 20.83%,23/72 = 31.94%,13/72 = 18.06%,72,72,100.0
UDR,18/76 = 23.68%,17/76 = 22.37%,18/76 = 23.68%,23/76 = 30.26%,76,79,99.99
KIM,19/77 = 24.68%,22/77 = 28.57%,20/77 = 25.97%,16/77 = 20.78%,77,84,100.0
NEM,25/88 = 28.41%,21/88 = 23.86%,21/88 = 23.86%,21/88 = 23.86%,88,88,99.99
FICO,22/83 = 26.51%,21/83 = 25.30%,18/83 = 21.69%,22/83 = 26.51%,83,86,100.01
TRV,29/84 = 34.52%,21/84 = 25.00%,17/84 = 20.24%,17/84 = 20.24%,84,89,100.0
WMT,16/88 = 18.18%,22/88 = 25.00%,13/88 = 14.77%,37/88 = 42.05%,88,90,100.0
KLAC,22/84 = 26.19%,14/84 = 16.67%,26/84 = 30.95%,22/84 = 26.19%,84,84,100.0
PPG,20/84 = 23.81%,30/84 = 35.71%,15/84 = 17.86%,19/84 = 22.62%,84,85,100.0
TEL,19/69 = 27.54%,21/69 = 30.43%,14/69 = 20.29%,15/69 = 21.74%,69,74,100.0
CB,23/84 = 27.38%,29/84 = 34.52%,18/84 = 21.43%,14/84 = 16.67%,84,85,100.0
AMD,19/87 = 21.84%,15/87 = 17.24%,23/87 = 26.44%,30/87 = 34.48%,87,87,100.0
MDT,13/40 = 32.50%,9/40 = 22.50%,9/40 = 22.50%,9/40 = 22.50%,40,43,100.0
COR,14/71 = 19.72%,30/71 = 42.25%,14/71 = 19.72%,13/71 = 18.31%,71,74,100.0
PODD,21/72 = 29.17%,20/72 = 27.78%,18/72 = 25.00%,13/72 = 18.06%,72,73,100.01
EW,21/81 = 25.93%,17/81 = 20.99%,19/81 = 23.46%,24/81 = 29.63%,81,85,100.01
GPC,23/71 = 32.39%,16/71 = 22.54%,13/71 = 18.31%,19/71 = 26.76%,71,76,100.0
JKHY,24/84 = 28.57%,20/84 = 23.81%,20/84 = 23.81%,20/84 = 23.81%,84,85,100.0
CSCO,18/89 = 20.22%,23/89 = 25.84%,23/89 = 25.84%,25/89 = 28.09%,89,89,99.99
DVA,23/81 = 28.40%,13/81 = 16.05%,26/81 = 32.10%,19/81 = 23.46%,81,84,100.01
IR,11/34 = 32.35%,6/34 = 17.65%,6/34 = 17.65%,11/34 = 32.35%,34,34,100.0
AMZN,21/89 = 23.60%,20/89 = 22.47%,22/89 = 24.72%,26/89 = 29.21%,89,89,100.0
BK,21/71 = 29.58%,22/71 = 30.99%,19/71 = 26.76%,9/71 = 12.68%,71,74,100.01
DG,27/64 = 42.19%,20/64 = 31.25%,9/64 = 14.06%,8/64 = 12.50%,64,64,100.0
TXT,19/78 = 24.36%,22/78 = 28.21%,18/78 = 23.08%,19/78 = 24.36%,78,82,100.01
CBRE,15/81 = 18.52%,23/81 = 28.40%,17/81 = 20.99%,26/81 = 32.10%,81,85,100.01
AKAM,29/87 = 33.33%,17/87 = 19.54%,14/87 = 16.09%,27/87 = 31.03%,87,88,99.99
DAL,21/69 = 30.43%,28/69 = 40.58%,10/69 = 14.49%,10/69 = 14.49%,69,74,99.99
MSCI,31/72 = 43.06%,15/72 = 20.83%,13/72 = 18.06%,13/72 = 18.06%,72,72,100.01
MSFT,18/88 = 20.45%,34/88 = 38.64%,11/88 = 12.50%,25/88 = 28.41%,88,89,100.0
ATO,19/82 = 23.17%,25/82 = 30.49%,22/82 = 26.83%,16/82 = 19.51%,82,85,100.0
MELI,18/71 = 25.35%,24/71 = 33.80%,18/71 = 25.35%,11/71 = 15.49%,71,72,99.99
CRL,20/83 = 24.10%,28/83 = 33.73%,15/83 = 18.07%,20/83 = 24.10%,83,86,100.0
BLDR,19/76 = 25.00%,28/76 = 36.84%,16/76 = 21.05%,13/76 = 17.11%,76,82,100.0
SWK,15/83 = 18.07%,20/83 = 24.10%,19/83 = 22.89%,29/83 = 34.94%,83,85,100.0
RMD,27/84 = 32.14%,25/84 = 29.76%,13/84 = 15.48%,19/84 = 22.62%,84,85,100.0
HRL,24/80 = 30.00%,16/80 = 20.00%,17/80 = 21.25%,23/80 = 28.75%,80,85,100.0
VRSN,23/85 = 27.06%,17/85 = 20.00%,28/85 = 32.94%,17/85 = 20.00%,85,85,100.0
CMI,27/82 = 32.93%,21/82 = 25.61%,15/82 = 18.29%,19/82 = 23.17%,82,84,100.0
WRB,24/83 = 28.92%,30/83 = 36.14%,15/83 = 18.07%,14/83 = 16.87%,83,88,100.0
QCOM,18/85 = 21.18%,20/85 = 23.53%,21/85 = 24.71%,26/85 = 30.59%,85,85,100.01
UHS,20/72 = 27.78%,16/72 = 22.22%,19/72 = 26.39%,17/72 = 23.61%,72,73,100.0
SYK,22/86 = 25.58%,22/86 = 25.58%,19/86 = 22.09%,23/86 = 26.74%,86,87,99.99
GDDY,14/43 = 32.56%,8/43 = 18.60%,5/43 = 11.63%,16/43 = 37.21%,43,43,100.0
TSLA,10/60 = 16.67%,16/60 = 26.67%,20/60 = 33.33%,14/60 = 23.33%,60,60,100.0
HII,17/55 = 30.91%,15/55 = 27.27%,11/55 = 20.00%,12/55 = 21.82%,55,58,100.0
ALGN,19/81 = 23.46%,24/81 = 29.63%,22/81 = 27.16%,16/81 = 19.75%,81,81,100.0
PEG,22/79 = 27.85%,20/79 = 25.32%,19/79 = 24.05%,18/79 = 22.78%,79,83,100.0
DECK,25/77 = 32.47%,20/77 = 25.97%,16/77 = 20.78%,16/77 = 20.78%,77,77,100.0
LH,5/40 = 12.50%,13/40 = 32.50%,13/40 = 32.50%,9/40 = 22.50%,40,41,100.0
AFL,30/82 = 36.59%,19/82 = 23.17%,22/82 = 26.83%,11/82 = 13.41%,82,85,100.0
ROK,22/85 = 25.88%,23/85 = 27.06%,22/85 = 25.88%,18/85 = 21.18%,85,89,100.0
LULU,20/73 = 27.40%,21/73 = 28.77%,14/73 = 19.18%,18/73 = 24.66%,73,73,100.01
TTD,15/37 = 40.54%,7/37 = 18.92%,10/37 = 27.03%,5/37 = 13.51%,37,37,100.0
ZTS,10/48 = 20.83%,20/48 = 41.67%,13/48 = 27.08%,5/48 = 10.42%,48,51,100.0
BEN,24/83 = 28.92%,18/83 = 21.69%,20/83 = 24.10%,21/83 = 25.30%,83,86,100.01
ADBE,23/88 = 26.14%,29/88 = 32.95%,14/88 = 15.91%,22/88 = 25.00%,88,89,100.0
SNA,22/81 = 27.16%,30/81 = 37.04%,14/81 = 17.28%,15/81 = 18.52%,81,85,100.0
KHC,10/42 = 23.81%,8/42 = 19.05%,12/42 = 28.57%,12/42 = 28.57%,42,42,100.0
DE,21/83 = 25.30%,18/83 = 21.69%,26/83 = 31.33%,18/83 = 21.69%,83,84,100.01
CBOE,20/60 = 33.33%,18/60 = 30.00%,13/60 = 21.67%,9/60 = 15.00%,60,61,100.0
GEHC,3/11 = 27.27%,3/11 = 27.27%,2/11 = 18.18%,3/11 = 27.27%,11,12,99.99
ADI,21/89 = 23.60%,23/89 = 25.84%,20/89 = 22.47%,25/89 = 28.09%,89,89,100.0
FIS,20/81 = 24.69%,28/81 = 34.57%,14/81 = 17.28%,19/81 = 23.46%,81,85,100.0
OKE,12/45 = 26.67%,17/45 = 37.78%,6/45 = 13.33%,10/45 = 22.22%,45,45,100.0
ITW,24/79 = 30.38%,30/79 = 37.97%,15/79 = 18.99%,10/79 = 12.66%,79,81,100.0
CZR,9/41 = 21.95%,16/41 = 39.02%,11/41 = 26.83%,5/41 = 12.20%,41,42,100.0
DELL,12/37 = 32.43%,4/37 = 10.81%,8/37 = 21.62%,13/37 = 35.14%,37,37,100.0
AMP,29/79 = 36.71%,19/79 = 24.05%,13/79 = 16.46%,18/79 = 22.78%,79,80,100.0
OXY,21/81 = 25.93%,20/81 = 24.69%,16/81 = 19.75%,24/81 = 29.63%,81,83,100.0
PFG,21/80 = 26.25%,19/80 = 23.75%,21/80 = 26.25%,19/80 = 23.75%,80,89,100.0
AEP,25/81 = 30.86%,20/81 = 24.69%,20/81 = 24.69%,16/81 = 19.75%,81,84,99.99
CHTR,16/59 = 27.12%,14/59 = 23.73%,17/59 = 28.81%,12/59 = 20.34%,59,63,100.0
MSI,30/86 = 34.88%,19/86 = 22.09%,15/86 = 17.44%,22/86 = 25.58%,86,88,99.99
DOV,28/87 = 32.18%,25/87 = 28.74%,11/87 = 12.64%,23/87 = 26.44%,87,88,100.0
BKNG,14/83 = 16.87%,32/83 = 38.55%,20/83 = 24.10%,17/83 = 20.48%,83,85,100.0
DPZ,18/75 = 24.00%,21/75 = 28.00%,19/75 = 25.33%,17/75 = 22.67%,75,82,100.0
CHD,24/82 = 29.27%,22/82 = 26.83%,16/82 = 19.51%,20/82 = 24.39%,82,85,100.0
FITB,15/46 = 32.61%,15/46 = 32.61%,11/46 = 23.91%,5/46 = 10.87%,46,48,100.0
PCG,15/45 = 33.33%,7/45 = 15.56%,9/45 = 20.00%,14/45 = 31.11%,45,45,100.0
WBD,12/64 = 18.75%,21/64 = 32.81%,15/64 = 23.44%,16/64 = 25.00%,64,69,100.0
ZS,10/29 = 34.48%,6/29 = 20.69%,4/29 = 13.79%,9/29 = 31.03%,29,29,99.99
BBY,14/80 = 17.50%,26/80 = 32.50%,22/80 = 27.50%,18/80 = 22.50%,80,84,100.0
SWKS,23/86 = 26.74%,19/86 = 22.09%,19/86 = 22.09%,25/86 = 29.07%,86,88,99.99
EIX,24/84 = 28.57%,21/84 = 25.00%,19/84 = 22.62%,20/84 = 23.81%,84,86,100.0
LUV,27/85 = 31.76%,21/85 = 24.71%,12/85 = 14.12%,25/85 = 29.41%,85,89,100.0
MS,22/79 = 27.85%,18/79 = 22.78%,22/79 = 27.85%,17/79 = 21.52%,79,83,100.0
CTRA,23/84 = 27.38%,26/84 = 30.95%,16/84 = 19.05%,19/84 = 22.62%,84,85,100.0
TPL,5/20 = 25.00%,5/20 = 25.00%,6/20 = 30.00%,4/20 = 20.00%,20,20,100.0
DTE,11/52 = 21.15%,15/52 = 28.85%,17/52 = 32.69%,9/52 = 17.31%,52,53,100.0
GEV,3/6 = 50.00%,2/6 = 33.33%,1/6 = 16.67%,0/6 = 0.00%,6,6,100.0
AME,20/83 = 24.10%,29/83 = 34.94%,17/83 = 20.48%,17/83 = 20.48%,83,85,100.0
ROP,23/81 = 28.40%,28/81 = 34.57%,15/81 = 18.52%,15/81 = 18.52%,81,84,100.01
EL,19/84 = 22.62%,18/84 = 21.43%,24/84 = 28.57%,23/84 = 27.38%,84,84,100.0
LHX,27/84 = 32.14%,25/84 = 29.76%,13/84 = 15.48%,19/84 = 22.62%,84,86,100.0
JBL,31/89 = 34.83%,21/89 = 23.60%,16/89 = 17.98%,21/89 = 23.60%,89,89,100.01
TMO,25/80 = 31.25%,24/80 = 30.00%,16/80 = 20.00%,15/80 = 18.75%,80,84,100.0
CTVA,7/24 = 29.17%,4/24 = 16.67%,9/24 = 37.50%,4/24 = 16.67%,24,26,100.01
FE,22/79 = 27.85%,21/79 = 26.58%,11/79 = 13.92%,25/79 = 31.65%,79,83,100.0
MKC,15/74 = 20.27%,24/74 = 32.43%,19/74 = 25.68%,16/74 = 21.62%,74,78,100.0
COF,9/41 = 21.95%,11/41 = 26.83%,16/41 = 39.02%,5/41 = 12.20%,41,42,100.0
J,21/83 = 25.30%,26/83 = 31.33%,22/83 = 26.51%,14/83 = 16.87%,83,88,100.01
ADP,16/88 = 18.18%,20/88 = 22.73%,29/88 = 32.95%,23/88 = 26.14%,88,90,100.0
ACGL,21/84 = 25.00%,35/84 = 41.67%,14/84 = 16.67%,14/84 = 16.67%,84,85,100.01
DGX,21/83 = 25.30%,27/83 = 32.53%,17/83 = 20.48%,18/83 = 21.69%,83,84,100.0
EQIX,27/85 = 31.76%,23/85 = 27.06%,19/85 = 22.35%,16/85 = 18.82%,85,85,99.99
NFLX,28/85 = 32.94%,18/85 = 21.18%,11/85 = 12.94%,28/85 = 32.94%,85,85,100.0
DUK,13/61 = 21.31%,15/61 = 24.59%,12/61 = 19.67%,21/61 = 34.43%,61,65,100.0
STLD,21/76 = 27.63%,30/76 = 39.47%,15/76 = 19.74%,10/76 = 13.16%,76,77,100.0
V,17/69 = 24.64%,16/69 = 23.19%,19/69 = 27.54%,17/69 = 24.64%,69,71,100.01
SPGI,20/80 = 25.00%,23/80 = 28.75%,22/80 = 27.50%,15/80 = 18.75%,80,84,100.0
META,10/54 = 18.52%,22/54 = 40.74%,9/54 = 16.67%,13/54 = 24.07%,54,54,100.0
NCLH,13/52 = 25.00%,16/52 = 30.77%,5/52 = 9.62%,18/52 = 34.62%,52,52,100.01
ZBH,25/80 = 31.25%,22/80 = 27.50%,15/80 = 18.75%,18/80 = 22.50%,80,86,100.0
FFIV,23/85 = 27.06%,26/85 = 30.59%,27/85 = 31.76%,9/85 = 10.59%,85,85,100.0
RF,22/68 = 32.35%,14/68 = 20.59%,22/68 = 32.35%,10/68 = 14.71%,68,71,100.0
CRWD,8/25 = 32.00%,8/25 = 32.00%,5/25 = 20.00%,4/25 = 16.00%,25,25,100.0
BAC,21/78 = 26.92%,17/78 = 21.79%,17/78 = 21.79%,23/78 = 29.49%,78,81,99.99
SHOP,0/4 = 0.00%,1/4 = 25.00%,2/4 = 50.00%,1/4 = 25.00%,4,4,100.0
CCL,27/87 = 31.03%,28/87 = 32.18%,15/87 = 17.24%,17/87 = 19.54%,87,89,99.99
PLTR,8/21 = 38.10%,5/21 = 23.81%,1/21 = 4.76%,7/21 = 33.33%,21,21,100.0
AEE,17/82 = 20.73%,27/82 = 32.93%,19/82 = 23.17%,19/82 = 23.17%,82,87,100.0
GLW,23/81 = 28.40%,18/81 = 22.22%,24/81 = 29.63%,16/81 = 19.75%,81,85,100.0
AVGO,14/30 = 46.67%,7/30 = 23.33%,3/30 = 10.00%,6/30 = 20.00%,30,30,100.0
FSLR,24/74 = 32.43%,12/74 = 16.22%,13/74 = 17.57%,25/74 = 33.78%,74,74,100.0
INVH,7/34 = 20.59%,6/34 = 17.65%,13/34 = 38.24%,8/34 = 23.53%,34,35,100.01
GRMN,16/82 = 19.51%,22/82 = 26.83%,15/82 = 18.29%,29/82 = 35.37%,82,84,100.0
MAR,14/88 = 15.91%,24/88 = 27.27%,29/88 = 32.95%,21/88 = 23.86%,88,88,99.99
CMS,22/63 = 34.92%,16/63 = 25.40%,14/63 = 22.22%,11/63 = 17.46%,63,66,100.0
ABNB,6/20 = 30.00%,2/20 = 10.00%,8/20 = 40.00%,4/20 = 20.00%,20,20,100.0
NI,20/78 = 25.64%,20/78 = 25.64%,18/78 = 23.08%,20/78 = 25.64%,78,85,100.0
WDAY,14/51 = 27.45%,8/51 = 15.69%,17/51 = 33.33%,12/51 = 23.53%,51,52,100.0
MCHP,21/85 = 24.71%,26/85 = 30.59%,19/85 = 22.35%,19/85 = 22.35%,85,85,100.0
CVX,22/85 = 25.88%,13/85 = 15.29%,22/85 = 25.88%,28/85 = 32.94%,85,89,99.99
DIS,7/27 = 25.93%,11/27 = 40.74%,4/27 = 14.81%,5/27 = 18.52%,27,27,100.0
MPC,18/58 = 31.03%,18/58 = 31.03%,7/58 = 12.07%,15/58 = 25.86%,58,58,99.99
EXE,6/19 = 31.58%,6/19 = 31.58%,3/19 = 15.79%,4/19 = 21.05%,19,19,100.0
HPQ,25/83 = 30.12%,18/83 = 21.69%,18/83 = 21.69%,22/83 = 26.51%,83,84,100.01
IFF,24/85 = 28.24%,16/85 = 18.82%,20/85 = 23.53%,25/85 = 29.41%,85,88,100.0
MRNA,4/24 = 16.67%,6/24 = 25.00%,5/24 = 20.83%,9/24 = 37.50%,24,26,100.0
ACN,19/63 = 30.16%,16/63 = 25.40%,13/63 = 20.63%,15/63 = 23.81%,63,65,100.0
CCI,18/73 = 24.66%,19/73 = 26.03%,20/73 = 27.40%,16/73 = 21.92%,73,75,100.01
GEN,28/85 = 32.94%,13/85 = 15.29%,15/85 = 17.65%,29/85 = 34.12%,85,85,100.0
INTC,18/89 = 20.22%,23/89 = 25.84%,27/89 = 30.34%,21/89 = 23.60%,89,89,100.0
XEL,11/53 = 20.75%,21/53 = 39.62%,10/53 = 18.87%,11/53 = 20.75%,53,55,99.99
LII,29/81 = 35.80%,20/81 = 24.69%,15/81 = 18.52%,17/81 = 20.99%,81,85,100.0
DD,7/33 = 21.21%,9/33 = 27.27%,7/33 = 21.21%,10/33 = 30.30%,33,33,99.99
RVTY,21/83 = 25.30%,21/83 = 25.30%,23/83 = 27.71%,18/83 = 21.69%,83,89,100.0
SOLV,3/7 = 42.86%,2/7 = 28.57%,0/7 = 0.00%,2/7 = 28.57%,7,7,100.0
WEC,18/74 = 24.32%,17/74 = 22.97%,16/74 = 21.62%,23/74 = 31.08%,74,76,99.99
AES,28/82 = 34.15%,22/82 = 26.83%,13/82 = 15.85%,19/82 = 23.17%,82,84,100.0
NWSA,2/7 = 28.57%,3/7 = 42.86%,2/7 = 28.57%,0/7 = 0.00%,7,7,100.0
BR,20/70 = 28.57%,15/70 = 21.43%,18/70 = 25.71%,17/70 = 24.29%,70,73,100.0
EA,24/83 = 28.92%,18/83 = 21.69%,19/83 = 22.89%,22/83 = 26.51%,83,84,100.01
OMC,18/79 = 22.78%,20/79 = 25.32%,25/79 = 31.65%,16/79 = 20.25%,79,84,100.0
NOC,29/83 = 34.94%,19/83 = 22.89%,17/83 = 20.48%,18/83 = 21.69%,83,85,100.0
CVS,24/84 = 28.57%,25/84 = 29.76%,17/84 = 20.24%,18/84 = 21.43%,84,87,100.0
CNC,28/80 = 35.00%,27/80 = 33.75%,8/80 = 10.00%,17/80 = 21.25%,80,84,100.0
CSGP,27/83 = 32.53%,15/83 = 18.07%,21/83 = 25.30%,20/83 = 24.10%,83,86,100.0
EOG,22/84 = 26.19%,26/84 = 30.95%,12/84 = 14.29%,24/84 = 28.57%,84,84,100.0
HWM,15/36 = 41.67%,7/36 = 19.44%,5/36 = 13.89%,9/36 = 25.00%,36,36,100.0
ROL,26/70 = 37.14%,21/70 = 30.00%,14/70 = 20.00%,9/70 = 12.86%,70,70,100.0
WTW,23/82 = 28.05%,13/82 = 15.85%,25/82 = 30.49%,21/82 = 25.61%,82,85,100.0
MCO,21/83 = 25.30%,24/83 = 28.92%,18/83 = 21.69%,20/83 = 24.10%,83,85,100.01
TPR,19/79 = 24.05%,14/79 = 17.72%,23/79 = 29.11%,23/79 = 29.11%,79,84,99.99
HLT,8/46 = 17.39%,12/46 = 26.09%,13/46 = 28.26%,13/46 = 28.26%,46,48,100.0
CDNS,23/86 = 26.74%,25/86 = 29.07%,23/86 = 26.74%,15/86 = 17.44%,86,88,99.99
ADSK,21/81 = 25.93%,22/81 = 27.16%,19/81 = 23.46%,19/81 = 23.46%,81,84,100.01
KMB,23/79 = 29.11%,18/79 = 22.78%,17/79 = 21.52%,21/79 = 26.58%,79,84,99.99
ON,24/85 = 28.24%,26/85 = 30.59%,20/85 = 23.53%,15/85 = 17.65%,85,88,100.01
NTAP,19/88 = 21.59%,16/88 = 18.18%,38/88 = 43.18%,15/88 = 17.05%,88,88,100.0
SCHW,29/81 = 35.80%,24/81 = 29.63%,10/81 = 12.35%,18/81 = 22.22%,81,87,100.0
EFX,26/82 = 31.71%,18/82 = 21.95%,17/82 = 20.73%,21/82 = 25.61%,82,84,100.0
A,18/86 = 20.93%,27/86 = 31.40%,23/86 = 26.74%,18/86 = 20.93%,86,89,100.0
PG,9/69 = 13.04%,16/69 = 23.19%,22/69 = 31.88%,22/69 = 31.88%,69,69,99.99
HUBB,28/83 = 33.73%,18/83 = 21.69%,13/83 = 15.66%,24/83 = 28.92%,83,89,100.0
LVS,23/83 = 27.71%,22/83 = 26.51%,16/83 = 19.28%,22/83 = 26.51%,83,83,100.01
AMT,14/65 = 21.54%,15/65 = 23.08%,17/65 = 26.15%,19/65 = 29.23%,65,68,100.0
WSM,21/81 = 25.93%,22/81 = 27.16%,15/81 = 18.52%,23/81 = 28.40%,81,85,100.01
SHW,20/82 = 24.39%,20/82 = 24.39%,26/82 = 31.71%,16/82 = 19.51%,82,86,100.0
HON,15/85 = 17.65%,21/85 = 24.71%,33/85 = 38.82%,16/85 = 18.82%,85,89,100.0
AZO,24/83 = 28.92%,20/83 = 24.10%,20/83 = 24.10%,19/83 = 22.89%,83,85,100.01
JBHT,22/84 = 26.19%,16/84 = 19.05%,24/84 = 28.57%,22/84 = 26.19%,84,85,100.0
