date,strategy_return,benchmark_return,equity,strategy_rolling_sharpe_63d,benchmark_rolling_sharpe_63d,strategy_rolling_vol_63d,benchmark_rolling_vol_63d,strategy_drawdown
2018-01-09,0.0054,0.0022634229945370787,1.0054,,,,,0.0
2018-01-10,0.0015,-0.0015298524238944733,1.0069081,,,,,0.0
2018-01-18,0.0127,-0.0016809251728820973,1.01969583,,,,,0.0
2018-01-22,-0.0187,0.008131062956664437,1.00062752,,,,,-0.018699998018036346
2018-01-23,0.0074,0.0021224952670073627,1.00803216,,,,,-0.011438381580907486
2018-01-30,-0.00845,-0.010257007050759825,0.99951429,,,,,-0.01979172553838926
2018-01-30,-0.00845,-0.010257007050759825,0.99951429,,,,,-0.01979172553838926
2018-01-31,-0.00135,0.0004965963675060969,0.99816495,,,,,-0.021115002500304403
2018-01-31,-0.00135,0.0004965963675060969,0.99816495,,,,,-0.021115002500304403
2018-02-01,-0.022250000000000002,-0.0011349445014906534,0.97595578,,,,,-0.042895193559828515
2018-02-01,-0.022250000000000002,-0.0011349445014906534,0.97595578,,,,,-0.042895193559828515
2018-02-02,0.0194,-0.021770133845971595,0.99488932,,,,,-0.024327362405708874
2018-02-05,-0.0571,-0.041822228387347504,0.93808114,,,,,-0.08003826984366513
2018-02-06,-0.0168,0.019702371697822185,0.92232138,,,,,-0.0954936238191737
2018-02-06,-0.0168,0.019702371697822185,0.92232138,,,,,-0.0954936238191737
2018-02-08,-0.026699999999999998,-0.037509008321367054,0.8976954,,,,,-0.11964394323354255
2018-02-08,-0.026699999999999998,-0.037509008321367054,0.8976954,,,,,-0.11964394323354255
2018-02-08,-0.026699999999999998,-0.037509008321367054,0.8976954,,,,,-0.11964394323354255
2018-02-08,-0.026699999999999998,-0.037509008321367054,0.8976954,,,,,-0.11964394323354255
2018-02-12,0.0070999999999999995,0.014684380197357738,0.90406903,,,,,-0.11339342242872563
2018-02-15,0.0147,0.012760506209488431,0.91735885,,,,,-0.10036030058100764
2018-02-20,-0.03005,-0.006261330288457656,0.88979221,,,,,-0.1273944799793877
2018-02-20,-0.03005,-0.006261330288457656,0.88979221,,,,,-0.1273944799793877
2018-02-22,0.0575,0.0012959991259002823,0.94095527,,,,,-0.0772196548062769
2018-03-15,0.0443,-0.0010899869250687866,0.98263959,,,,,-0.0363404840049214
2018-04-16,0.0194,0.008221723372881629,1.00170279,,,,,-0.01764549728520526
2018-04-17,0.03005,0.010698529663479617,1.03180396,,,,,0.0
2018-04-17,0.03005,0.010698529663479617,1.03180396,,,,,0.0
2018-04-23,-0.0132,-0.00015019099320356943,1.01818415,,,,,-0.013199997798031382
2018-04-24,-0.0088,-0.013467399739901853,1.00922413,,,,,-0.021883837313436905
2018-04-24,-0.0088,-0.013467399739901853,1.00922413,,,,,-0.021883837313436905
2018-04-24,-0.0088,-0.013467399739901853,1.00922413,,,,,-0.021883837313436905
2018-04-25,0.0527,0.00247161691730291,1.06241024,,,,,0.0
2018-04-25,0.0527,0.00247161691730291,1.06241024,,,,,0.0
2018-04-26,0.0076,0.010166066338244573,1.07048456,,,,,0.0
2018-04-26,0.0076,0.010166066338244573,1.07048456,,,,,0.0
2018-04-26,0.0076,0.010166066338244573,1.07048456,,,,,0.0
2018-04-26,0.0076,0.010166066338244573,1.07048456,,,,,0.0
2018-04-30,-0.0146,-0.0076904585416714966,1.05485548,,,,,-0.014600005066864208
2018-05-01,0.0202,0.0017768455850097897,1.07616357,,,,,0.0
2018-05-02,0.0183,-0.006717282011872938,1.09585736,,,,,0.0
2018-05-03,0.0032666699999999997,-0.002203983295518852,1.09943716,,,,,0.0
2018-05-03,0.0032666699999999997,-0.002203983295518852,1.09943716,,,,,0.0
2018-05-03,0.0032666699999999997,-0.002203983295518852,1.09943716,,,,,0.0
2018-05-07,0.0062,0.003383125292212519,1.10625367,,,,,0.0
2018-05-08,0.0236,0.0,1.13236126,,,,,0.0
2018-05-10,0.025,0.00935076497784082,1.16067029,,,,,0.0
2018-05-17,0.0070999999999999995,-0.0008448986540227077,1.16891105,,,,,0.0
2018-06-14,0.0613,0.002517931481683,1.24056529,,,,,0.0
2018-07-16,-0.09380000000000001,-0.0008943875108655686,1.12420027,,,,,-0.09379999661283445
2018-07-18,0.009399999999999999,0.002103769237383757,1.13476775,,,,,-0.08528171862683664
2018-07-19,-0.0361,-0.0037713731839911224,1.09380264,,,,,-0.11830304392927182
2018-07-24,-0.01195,0.005032008711522762,1.08073169,,,,,-0.12883932936734033
2018-07-24,-0.01195,0.005032008711522762,1.08073169,,,,,-0.12883932936734033
2018-07-25,0.023399999999999997,0.008522504783066376,1.10602082,,,,,-0.10845416285990073
2018-07-25,0.023399999999999997,0.008522504783066376,1.10602082,,,,,-0.10845416285990073
2018-07-26,-0.00116667,-0.002358991473796812,1.10473046,,,,,-0.10949430158569073
2018-07-26,-0.00116667,-0.002358991473796812,1.10473046,,,,,-0.10949430158569073
2018-07-26,-0.00116667,-0.002358991473796812,1.10473046,,,,,-0.10949430158569073
2018-07-26,-0.00116667,-0.002358991473796812,1.10473046,,,,,-0.10949430158569073
2018-07-26,-0.00116667,-0.002358991473796812,1.10473046,,,,,-0.10949430158569073
2018-07-26,-0.00116667,-0.002358991473796812,1.10473046,,,,,-0.10949430158569073
2018-07-27,0.0040999999999999995,-0.006776349524562297,1.10925985,0.5969471770049142,-2.628866401313114,0.41343684920042467,0.21016695818386713,-0.10584323216071923
2018-07-31,0.012350000000000002,0.004929107468284899,1.12295921,0.663329455384933,-2.5744920875459973,0.4139722090897475,0.21046408328923416,-0.09480039539071727
2018-07-31,0.012350000000000002,0.004929107468284899,1.12295921,0.7670334513544402,-2.4462345879017535,0.41458421329404915,0.21093736476624522,-0.09480039539071727
2018-08-01,0.0533,-0.001670355110396371,1.18281294,1.1253068240611892,-2.446033269709779,0.42690575559317673,0.2109374405129466,-0.04655325315445502
2018-08-01,0.0533,-0.001670355110396371,1.18281294,1.7585603117360655,-2.6446089986579593,0.43694831213461716,0.20992353496190325,-0.04655325315445502
2018-08-02,-0.03196667,0.005447698107627463,1.14500235,1.38090747203399,-2.57654200595774,0.44241434880508945,0.2103070149739081,-0.07703176992804628
2018-08-02,-0.03196667,0.005447698107627463,1.14500235,1.1556869845224262,-2.2790885354521317,0.44723753656669324,0.21019193863799332,-0.07703176992804628
2018-08-02,-0.03196667,0.005447698107627463,1.14500235,0.9355422782232348,-1.9820245381358848,0.451930318748367,0.21000104133535372,-0.07703176992804628
2018-08-13,0.0138,-0.0037427972870319737,1.16080338,1.0682089488263655,-2.062824659409309,0.45253311211360703,0.20999593426566576,-0.0642948103118377
2018-08-16,-0.0008,0.008091183573516236,1.15987474,1.0731055868643198,-1.910220145739917,0.45251830383154806,0.2108691208461972,-0.06504337228393675
2018-08-21,-0.09820000000000001,0.0023453436720370924,1.04597504,0.3689718479179474,-1.8429268521667381,0.4927203010903663,0.21101504359955778,-0.1568561135544908
2018-09-25,-0.019299999999999998,-0.0009274195966841869,1.02578772,0.39333880594954757,-1.8389752321828197,0.4921963383008602,0.21101708367269412,-0.17312879195580255
2018-10-16,-0.01125,0.02186577512276977,1.01424761,0.144515274793488,-1.006854931323579,0.4912969933556063,0.21205791214221226,-0.18243109155504422
2018-10-16,-0.01125,0.02186577512276977,1.01424761,0.532321647118215,0.20625496711206717,0.4779063962121837,0.1999489275402164,-0.18243109155504422
2018-10-18,-0.0642,-0.014441155514546167,0.94913292,0.13111809841147865,-0.48138700979044435,0.49421034002981734,0.1980395138146193,-0.23491901018768624
2018-10-23,0.01895,-0.005090925110976419,0.96711898,0.4203350336806563,-1.0026750564827427,0.4943673578202693,0.1939879079998986,-0.22042073255169015
2018-10-23,0.01895,-0.005090925110976419,0.96711898,0.7927483533698065,-0.36156815052969954,0.49246386743093434,0.17931475345442324,-0.22042073255169015
2018-10-25,0.006875,0.01794047583881153,0.97376793,1.0725605179554518,0.9437644144973784,0.48920309037684817,0.16631632901215468,-0.21506111943531803
2018-10-25,0.006875,0.01794047583881153,0.97376793,1.3566068660341772,2.509964813269321,0.4857707391135949,0.15090305948109023,-0.21506111943531803
2018-10-25,0.006875,0.01794047583881153,0.97376793,1.6452935500830335,4.541668382984219,0.48216314952426825,0.13223319175019232,-0.21506111943531803
2018-10-25,0.006875,0.01794047583881153,0.97376793,1.6434517955063004,4.592092204175515,0.4821558637537551,0.13361745832560415,-0.21506111943531803
2018-10-25,0.006875,0.01794047583881153,0.97376793,1.5802016670750176,4.676688400511502,0.48164733391834086,0.1356309236182317,-0.21506111943531803
2018-10-25,0.006875,0.01794047583881153,0.97376793,1.9053143430000177,5.30241437585561,0.47698161898526764,0.13788262099511012,-0.21506111943531803
2018-10-25,0.006875,0.01794047583881153,0.97376793,2.237951305563321,5.920968461881382,0.4720835155678535,0.13982814155897888,-0.21506111943531803
2018-10-25,0.006875,0.01794047583881153,0.97376793,1.8583815984280554,6.26412262910553,0.45953959118104204,0.14279668136598594,-0.21506111943531803
2018-10-26,-0.0123,-0.017587475159434596,0.96179058,1.3855702577713078,5.572911407784385,0.45295423778040356,0.14866663213255155,-0.22471587126220494
2018-10-30,0.01595,0.014818630651414422,0.97713114,1.3565146893996178,5.694176129965465,0.4524830617733028,0.1501347306037225,-0.21235008920812215
2018-10-30,0.01595,0.014818630651414422,0.97713114,1.2390611252654946,5.764114989763376,0.44985667666763846,0.15117221026675293,-0.21235008920812215
2018-10-31,-0.0417,0.010681276218773128,0.93638477,0.5947144594817184,5.763786381339981,0.45467184409077255,0.1511688552990512,-0.24519509166663844
2018-10-31,-0.0417,0.010681276218773128,0.93638477,0.3386563311073218,6.030419395555815,0.4618248815506007,0.15166952716047905,-0.24519509166663844
2018-11-01,-0.02326667,0.010641867784724868,0.91459822,0.21239004612934145,6.820038928891345,0.4639258844550324,0.14824958316861056,-0.2627568840008412
2018-11-01,-0.02326667,0.010641867784724868,0.91459822,0.08726946088963247,7.664948509691216,0.46598844069209805,0.1444895549004754,-0.2627568840008412
2018-11-01,-0.02326667,0.010641867784724868,0.91459822,-0.03675136769156789,8.577400486759311,0.46801305857105413,0.14036211442585012,-0.2627568840008412
2018-11-15,0.0326,0.010436762219241169,0.94441412,-0.21195878324586806,8.781138677058188,0.4604674479886303,0.14073375848570682,-0.2387227600088665
2018-11-15,0.0326,0.010436762219241169,0.94441412,-0.3931631686558978,8.985713420425348,0.4527385426476416,0.1410754129029805,-0.2387227600088665
2018-12-18,-0.04,-0.0010966684599357235,0.90663756,-0.8023478088259788,8.658285815940022,0.4591526467044948,0.14120719941709386,-0.26917384573930814
2019-01-03,0.0557,-0.02386289195752256,0.95713727,-0.37218490306640645,7.148426571220541,0.4728835547867388,0.15199099379614361,-0.22846683063331552
2019-01-09,-0.0149,0.004673320133825598,0.94287592,-0.5618697667832121,7.02530334357691,0.47341952837735046,0.15152733223885162,-0.23996267862693466
2019-01-22,0.0116,-0.0135102451532495,0.95381328,-0.5276666149795015,6.252453476601612,0.47378422834219286,0.15511034691969308,-0.23114624624069557
2019-01-29,0.00115,-0.0013270041177571024,0.95491017,-0.3953557262767582,6.475349538994502,0.4729920615063906,0.15370198003320787,-0.2302620606127066
2019-01-29,0.00115,-0.0013270041177571024,0.95491017,-0.5586991681699547,6.381976585964944,0.47109452634791715,0.15400536706777976,-0.2302620606127066
2019-01-30,-0.011699999999999999,0.015830952730034653,0.94373772,-0.8154809211863087,6.954800051904505,0.46990691019790565,0.15428935090855597,-0.23926799531848897
2019-01-31,0.0077,0.008782049859621832,0.9510045,-0.777301064194106,7.254003519531847,0.47017406360933073,0.1539833438624783,-0.2334103592403427
2019-01-31,0.0077,0.008782049859621832,0.9510045,-0.739169043698647,7.556920520247636,0.4704383699025254,0.15362605016655909,-0.2334103592403427
2019-01-31,0.0077,0.008782049859621832,0.9510045,-0.7010840800266968,7.8638996354984485,0.4706998338736117,0.15321711102845922,-0.2334103592403427
2019-02-01,0.013999999999999999,0.0004817219210890844,0.96431856,-0.6337715444354223,7.77712128793333,0.47146351492662525,0.15343445548879056,-0.22267810668795984
2019-02-04,0.0001,0.0070353730394465686,0.964415,-0.8379252212474545,7.97287306903138,0.4687771056887654,0.15319695317694404,-0.2226003679338795
2019-02-04,0.0001,0.0070353730394465686,0.964415,-1.0573828903111075,7.923114427207581,0.46567819898724105,0.15299012851891294,-0.2226003679338795
2019-02-05,-0.013500000000000002,0.004192158805704338,0.95139539,-1.2338135241155135,8.077284556213469,0.4658727990618018,0.15256445600638088,-0.23309526901240318
2019-02-06,-0.0294,-0.0013184376376941254,0.92342437,-2.0806553767475093,7.954034095012804,0.4506273217939923,0.15299922445806186,-0.2556422645034667
2019-02-06,-0.0294,-0.0013184376376941254,0.92342437,-1.6372622047506804,7.939480672935597,0.4153275865202969,0.15306603761695242,-0.2556422645034667
2019-02-07,-0.00833333,-0.00953286687951449,0.91572917,-1.810604330141015,7.50845829544542,0.41474189998292743,0.15565356520445353,-0.2618452431471785
2019-02-07,-0.00833333,-0.00953286687951449,0.91572917,-1.562888106406312,7.281686332965216,0.409413058668226,0.1573361273344501,-0.2618452431471785
2019-02-07,-0.00833333,-0.00953286687951449,0.91572917,-1.5285762778733973,6.8035502088378665,0.4091389674515139,0.1598302051649789,-0.2618452431471785
2019-02-11,0.0535,0.0005548586013210954,0.96472068,-0.8582256897375171,6.684429704963818,0.42366492211530615,0.15999932267875855,-0.2223539641351726
2019-02-13,-0.0111,0.003247076690633399,0.95401228,-1.191298846376545,6.561797647041699,0.42105314004598193,0.15977367320842503,-0.23098583549762208
2019-02-14,0.15560000000000002,-0.0022184041361046347,1.10245659,0.051917321509479496,6.2829844108030874,0.5239076132815053,0.16002568389518795,-0.11132723212012474
2019-02-19,0.0023499999999999997,0.0017304454056803475,1.10504736,0.07876499491509178,6.403252879336007,0.5239200490584061,0.15957461684153157,-0.10923885352297746
2019-02-19,0.0023499999999999997,0.0017304454056803475,1.10504736,0.10561170086492905,6.524533653412775,0.5239309616911468,0.15911549045874882,-0.10923885352297746
2019-02-21,-0.0533,-0.0035558191623142887,1.04614834,-0.28648660408209653,6.485645389690316,0.5347547767228185,0.15933141567776316,-0.15671641917371393
2019-03-14,-0.0063,-0.0006396695633211769,1.0395576,-0.32481114645079606,6.5389210973270115,0.5348751171207666,0.15908501321272264,-0.16202911013252674
2019-04-16,-0.02045,0.0006555291742027514,1.01829865,-0.46774392168994455,6.630799747544446,0.5363334687356838,0.1586991723203391,-0.17916561247655094
2019-04-16,-0.02045,0.0006555291742027514,1.01829865,-0.6099565861456029,6.7233234625061495,0.5377432549301191,0.15830868770256515,-0.17916561247655094
2019-04-18,0.0177,0.001969184054396056,1.03632253,-0.5076208890490168,7.0112110888287225,0.5389849903784805,0.15679782490312988,-0.16463684873852946
2019-04-23,-0.001475,0.008991693035989456,1.03479396,-0.6110055721692836,7.102621225132013,0.5382930287072338,0.15706778604333246,-0.16586900476636735
2019-04-23,-0.001475,0.008991693035989456,1.03479396,-0.7146880713947554,7.194048307155954,0.5375772387668529,0.15733051612689827,-0.16586900476636735
2019-04-23,-0.001475,0.008991693035989456,1.03479396,-1.1471596447197712,7.477114779377885,0.5259076561635627,0.15707817259024995,-0.16586900476636735
2019-04-23,-0.001475,0.008991693035989456,1.03479396,-1.6012572851723903,7.7634277402051755,0.5135964392577056,0.15677864972896682,-0.16586900476636735
2019-04-24,-0.0463,-0.0022193312811430443,0.986883,-1.699519832511567,7.5377237614730275,0.5176364189289404,0.15740449482733873,-0.20448926956516733
2019-04-25,0.0125,-0.0006162613708685649,0.99921904,-1.3619791354103503,7.367194733924039,0.5153285110997936,0.15775553720020463,-0.19454538341952154
2019-04-25,0.0125,-0.0006162613708685649,0.99921904,-1.021917602791836,7.198141601320183,0.5127614971779075,0.1580907945442491,-0.19454538341952154
2019-04-26,0.0268,0.004656825614605564,1.02599811,-0.9164125296397122,7.452785911687694,0.5150518840958743,0.15719737967569908,-0.17295919991441966
2019-04-29,-0.0217,0.001567825572910353,1.00373395,-1.0755584569740118,7.28861081772313,0.5165688544378436,0.15715820383954549,-0.19090598609283993
2019-05-01,0.0233,-0.007516379970376907,1.02712095,-0.14478648038963107,6.958415715185288,0.4807078659050296,0.1589468257286696,-0.1720540964031002
2019-05-01,0.0233,-0.007516379970376907,1.02712095,0.20938691022895636,6.731801091348606,0.4814054512279646,0.16038237521930826,-0.1720540964031002
2019-05-02,0.00616,-0.002158858855721202,1.03344801,0.35438045465925516,6.271273618411717,0.48095203265056474,0.15683635772689464,-0.16695395370928023
2019-05-02,0.00616,-0.002158858855721202,1.03344801,0.49969041341116077,5.801751519580783,0.48045748638858665,0.152965044040807,-0.16695395370928023
2019-05-02,0.00616,-0.002158858855721202,1.03344801,1.1290087473275314,6.284841179388704,0.46192733336609326,0.14902434868416056,-0.16695395370928023
2019-05-02,0.00616,-0.002158858855721202,1.03344801,1.0208920029972066,6.388841030330194,0.46073433685353987,0.14843421895470169,-0.16695395370928023
2019-05-02,0.00616,-0.002158858855721202,1.03344801,0.9122656446916358,6.49393938161667,0.4595152765417337,0.14783798199619622,-0.16695395370928023
2019-05-06,-0.001,-0.004114944223869599,1.03241457,0.8438861343157873,5.978119326437956,0.4594221711135738,0.14583670307106217,-0.16778699329883706
2019-05-07,-0.0528,-0.01669959073883931,0.97790308,0.3157201904560237,4.94477507207603,0.4719368748155942,0.14829166870772323,-0.21172784062014172
2019-05-09,-0.022099999999999998,-0.003025754435656336,0.95629142,0.06984264015454349,4.461493897741866,0.47392251963497306,0.14555752862361282,-0.22914865689979114
2019-05-16,-0.0062,0.009261209142248594,0.95036241,-0.0405159225621989,4.3032099621535265,0.4738877652489515,0.14284382225002232,-0.23392793780325738
2019-05-17,0.0025,-0.006465242404199767,0.95273832,-0.07747394011106187,3.682849898730109,0.47370767444367934,0.14039781695817374,-0.23201275444358105
2019-06-18,0.0458,0.010471350068246954,0.99637373,0.24669845779743044,3.537224610287526,0.48237026312387216,0.13773159370970192,-0.19683894267265856
2019-07-17,-0.02725,-0.0068049067752512515,0.96922255,-0.03605657965385964,2.877623341300451,0.4853483100171631,0.1349050957629471,-0.21872507814562503
2019-07-17,-0.02725,-0.0068049067752512515,0.96922255,-0.3154740128610697,2.1957772884266546,0.48815431294437384,0.13171851421180178,-0.21872507814562503
2019-07-18,0.0083,0.003660717086128029,0.9772671,-0.1467550009663695,2.9659057204644195,0.4878879733468702,0.12617302309098052,-0.21224049400898515
2019-07-23,-0.0016333300000000001,0.007149786314436746,0.97567089,-0.29157826482190435,2.7752273656093562,0.4867760636640481,0.1237887453341994,-0.2135271735677854
2019-07-23,-0.0016333300000000001,0.007149786314436746,0.97567089,-0.4371039206903715,2.5787184701187607,0.4856205354203675,0.1213263641934508,-0.2135271735677854
2019-07-23,-0.0016333300000000001,0.007149786314436746,0.97567089,-0.10867785328245726,2.480992715470136,0.478477982674634,0.12041171051324571,-0.2135271735677854
2019-07-25,-0.0076,-0.004777354115725885,0.96825579,0.1790926567289369,1.9837746739735904,0.47126466010129314,0.11942185693304162,-0.21950436804499018
2019-07-25,-0.0076,-0.004777354115725885,0.96825579,0.3135000079294733,1.4811399175455504,0.4691123326321733,0.11830696453798968,-0.21950436804499018
2019-07-25,-0.0076,-0.004777354115725885,0.96825579,0.4491885542615297,0.9701136365816938,0.4669161714167089,0.11705049369182544,-0.21950436804499018
2019-07-25,-0.0076,-0.004777354115725885,0.96825579,0.5862156446529625,0.4485634753776005,0.46467555495087465,0.11564782989428128,-0.21950436804499018
2019-07-26,-0.016,0.006700128727608279,0.9527637,0.1690393793011161,0.32240901085307605,0.4614314151086393,0.11454040454084437,-0.23199229602820826
2019-07-30,-0.02016,-0.0024547234918939065,0.93355598,-0.2901757000271436,-0.12985296506582109,0.4584805687986802,0.11272044736441801,-0.24747533440984792
2019-07-30,-0.02016,-0.0024547234918939065,0.93355598,-0.11843989785663102,-0.1779130585413314,0.45322497715236454,0.11280399879689484,-0.24747533440984792
2019-07-30,-0.02016,-0.0024547234918939065,0.93355598,-0.8108992325431922,0.6423141456293665,0.4403998741988922,0.10207368133956418,-0.24747533440984792
2019-07-30,-0.02016,-0.0024547234918939065,0.93355598,-0.8571568682416619,0.3639024317642711,0.44117936169110156,0.10181628833409227,-0.24747533440984792
2019-07-30,-0.02016,-0.0024547234918939065,0.93355598,-1.1431977327345606,0.8282820743996713,0.4419182312333212,0.09812270973305397,-0.24747533440984792
2019-07-31,0.0664,-0.010940253995686544,0.9955441,-0.5278899328432488,0.4255171696532838,0.46259628154816984,0.100631149823128,-0.19750769425444747
2019-08-01,0.0005333299999999999,-0.008707827693734793,0.99607506,-0.5332335246470453,0.13017290568286002,0.462586444022386,0.10214865895501812,-0.1970796958215717
2019-08-01,0.0005333299999999999,-0.008707827693734793,0.99607506,-0.42791927069312075,-0.8618002945657892,0.46208080248342687,0.0984661231637785,-0.1970796958215717
2019-08-01,0.0005333299999999999,-0.008707827693734793,0.99607506,-0.4902892634192554,-1.5782369649213428,0.46176813748907497,0.09809530989437824,-0.1970796958215717
2019-08-08,0.0009,0.019620096600214243,0.99697153,-0.5495675629152835,-1.066648119193314,0.4614536539506295,0.10450068320811524,-0.1963570655761293
2019-08-12,-0.0316,-0.01217365730292852,0.96546723,-0.8832140841217889,-1.8531277348257944,0.465119349187545,0.1053830678687199,-0.2217521820234064
2019-08-15,0.0662,0.002641585164848248,1.02938116,-0.4177015322869905,-1.76790782450805,0.48359880054548565,0.10557611108794962,-0.17023217697796456
2019-08-15,0.0662,0.002641585164848248,1.02938116,0.12434602911854922,-1.9520144684475984,0.501825755453026,0.10462216734199009,-0.17023217697796456
2019-09-24,0.0672,-0.007846717525708646,1.09855557,0.6369102216063239,-2.528314528502843,0.5193825264190349,0.1043194363909754,-0.11447178245652823
2019-10-16,-0.01555,-0.0016060438628273666,1.08147303,0.6208189293050441,-2.7649614951816246,0.5196362816467666,0.10377907895162544,-0.12824174695392287
2019-10-16,-0.01555,-0.0016060438628273666,1.08147303,0.731078418208857,-2.775950018913037,0.5170444518470405,0.10378269790318456,-0.12824174695392287
2019-10-17,0.0352,0.0029491502131173686,1.11954088,1.2297707722840776,-2.6034112098265414,0.5174948489123722,0.10410388869071623,-0.09755585697549218
2019-10-22,0.0322,-0.0032667619970976336,1.1555901,1.5345212203720286,-2.393063332315112,0.5203794834498308,0.10278073628595896,-0.06849715261661071
2019-10-23,-0.028300000000000002,0.0029098014304904662,1.1228869,1.3723002352675548,-1.9314634799189272,0.5236949331717361,0.10157589831441853,-0.09485868333459502
2019-10-24,0.00985,0.0016341476542993671,1.13394733,1.512097281796221,-1.5135734476597869,0.5233790243045048,0.10010883854581255,-0.0859430461737325
2019-10-24,0.00985,0.0016341476542993671,1.13394733,1.2011787936721068,-1.4693640423215706,0.5134955788841306,0.10018274535594873,-0.0859430461737325
2019-10-25,-0.0005333299999999999,0.00409495953416239,1.13334256,1.2852392786361475,-1.4334210804723437,0.5127968705557919,0.10032878284836144,-0.08643054167668995
2019-10-25,-0.0005333299999999999,0.00409495953416239,1.13334256,0.08468205779321689,-1.1773436144136722,0.40780019876614343,0.10070121940649353,-0.08643054167668995
2019-10-25,-0.0005333299999999999,0.00409495953416239,1.13334256,0.05640342356171585,-1.0799835606461163,0.40777737498209776,0.101021798010245,-0.08643054167668995
2019-10-29,-0.018000000000000002,-0.00029696608866336405,1.1129424,-0.14266603855125398,-1.1613534743368132,0.4093473162431677,0.10092665987182345,-0.10287478702551789
2019-10-29,-0.018000000000000002,-0.00029696608866336405,1.1129424,0.20875488880712145,-1.034198068011021,0.39663760917476176,0.10073129898714733,-0.10287478702551789
2019-10-30,0.016225,0.0030672738350385753,1.13099989,0.4347885759318422,-0.8848998417497214,0.3976646341947674,0.10097000473029796,-0.088318930799684
2019-10-30,0.016225,0.0030672738350385753,1.13099989,0.8060433812995706,-0.7876947566375381,0.3965047631613995,0.10118305586314952,-0.088318930799684
2019-10-30,0.016225,0.0030672738350385753,1.13099989,1.180142147485428,-0.6909264311707393,0.3951219274674347,0.10139195833327602,-0.088318930799684
2019-10-30,0.016225,0.0030672738350385753,1.13099989,1.1658873501360518,-0.6468235342689279,0.3948923881421941,0.10151458832163103,-0.088318930799684
2019-10-31,0.024249999999999997,-0.0026631067364485395,1.15842663,1.4175990190609247,-1.1243892029262026,0.39736204132897385,0.09985974927151094,-0.06621067078218834
2019-10-31,0.024249999999999997,-0.0026631067364485395,1.15842663,1.6667099707438309,-1.6199828730818762,0.3997096385657809,0.09808771785053653,-0.06621067078218834
2019-11-04,-0.00105,0.0040174509739441255,1.15721029,1.6710336941902748,-1.850951325446024,0.3996927424755736,0.09659756513729668,-0.06719114316022812
2019-11-04,-0.00105,0.0040174509739441255,1.15721029,1.6753579084159478,-2.090039569922967,0.39967581651439915,0.09506727161210758,-0.06719114316022812
2019-11-06,0.1464,0.00022832547473994325,1.32662587,2.993150652388128,-1.9875487824498697,0.4812320552093681,0.09504357031053241,0.0
2019-11-07,0.019299999999999998,0.0035164368288733705,1.35222975,3.0459918715229466,-1.8063563325000684,0.48181351162510605,0.09542576763514239,0.0
2019-11-14,-0.015,0.0014559918826633211,1.33194631,2.808432795901397,-1.7177659513245533,0.4834012912757855,0.09552170160944709,-0.01499999537800445
2019-12-16,0.0264,0.006870560883414978,1.36710969,2.8055370707779694,-1.6149094515721436,0.48332993141451663,0.09612240823219909,0.0
2019-12-17,0.0381,0.0002189937881387216,1.41919657,3.2924157363502076,-1.6725484689495451,0.4845074764975919,0.09603566992711549,0.0
2020-01-09,-0.011200000000000002,0.006780566404088972,1.40330157,3.0075790031782175,-1.0760063776184168,0.4845093141227958,0.09613003171246905,-0.011199998883875573
2020-01-15,0.0005,0.0022598101449453623,1.40400322,2.826383598844976,-0.6759207661881999,0.4833031300345171,0.09517649103279076,-0.010705599436447222
2020-01-21,0.004,-0.001957960240621004,1.40961923,2.8084724724775034,-0.6675861751439622,0.4833090063377407,0.09516100639424997,-0.006748423863510378
2020-01-28,-0.0264,0.010479275876328575,1.37240528,2.5173430911142676,-0.13313690081341337,0.48746634669366107,0.09746083372913458,-0.032970267113878404
2020-01-29,-0.0074,-0.0008263421828939022,1.36224948,2.4030760070828867,-0.0785125960521404,0.48807446645175756,0.0973801281134778,-0.04012628779112681
2020-01-30,-0.011975,0.0032456332455903514,1.34593654,2.2492943318181466,0.1433069812701611,0.4891934436657628,0.097499798120975,-0.05162077724018166
2020-01-30,-0.011975,0.0032456332455903514,1.34593654,2.0964105234028563,0.36465537303638845,0.49026659069221495,0.09760001574105903,-0.05162077724018166
2020-01-30,-0.011975,0.0032456332455903514,1.34593654,2.002975865125743,0.6676497110053006,0.49121911907722,0.09740538931460237,-0.05162077724018166
2020-01-30,-0.011975,0.0032456332455903514,1.34593654,2.3965381336761586,1.5867066356823225,0.4786905010521396,0.09126676142102245,-0.05162077724018166
2020-01-31,-0.0292,-0.018157815595675753,1.3066352,2.328386520858944,0.8562990790115396,0.48050443084822253,0.09842978159124961,-0.07931344563494813
2020-02-03,0.0144,0.007428378548377301,1.32545074,2.500329258631652,0.7866855815460454,0.4804167434561709,0.09782054070086538,-0.06605556409990476
2020-02-04,-0.01865,0.015241441042689985,1.30073109,2.3133376384292337,1.617011037135677,0.48267923430242393,0.10128610069729888,-0.08347362338960562
2020-02-04,-0.01865,0.015241441042689985,1.30073109,1.7988722467013205,1.7652522296942212,0.477410244988116,0.10358922286443757,-0.08347362338960562
2020-02-06,0.01555,0.003364367580157346,1.32095746,2.173453898461853,2.179242102724183,0.4739001092817878,0.10257612211875784,-0.06922163714079432
2020-02-06,0.01555,0.003364367580157346,1.32095746,2.5551334191277935,2.6034348547151027,0.4701124532315166,0.10148719527146463,-0.06922163714079432
2020-02-07,0.0021,-0.005329242904349885,1.32373147,2.5025177788356454,2.234790615008687,0.4700865863767599,0.10213729196021787,-0.06726700304806965
2020-02-10,-0.1001,0.007465168144460854,1.19122595,1.520677674414122,2.2453770012303194,0.5145951526522476,0.10221757357870563,-0.16063357593937821
2020-02-12,-0.020499999999999997,0.006442708778447104,1.16680582,1.3684795437416932,2.221309800183113,0.5166804891118358,0.10205180685402279,-0.17784058624098842
2020-02-13,0.0139,-0.0010668780101200648,1.18302442,1.4876074857674364,1.912837814008564,0.5170718804249498,0.10132694992411939,-0.16641257102249063
2020-02-13,0.0139,-0.0010668780101200648,1.18302442,1.6539681280628225,2.070661058874669,0.5170595403199432,0.10077164725782427,-0.16641257102249063
2020-02-13,0.0139,-0.0010668780101200648,1.18302442,1.8205398119699532,2.230499078448471,0.5169895180603356,0.10020440375762199,-0.16641257102249063
2020-02-18,0.0152,-0.002576946360107746,1.20100639,1.9970259429595034,2.327854923670575,0.5169687472712694,0.09979464738035441,-0.15374204293630722
2020-02-20,0.0455,-0.004108155739796171,1.25565218,2.380301078260504,2.3581389703759936,0.5229590539486229,0.0996481792277826,-0.11523730641485408
2020-03-13,0.0339,0.08548633901257463,1.29821879,2.7546018060698616,2.8054394499591444,0.5243589098131041,0.19609373351897605,-0.08524385032864057
2020-04-06,-0.06709999999999999,0.06716637870823816,1.21110831,2.318992112536758,3.526289982844773,0.541890588245837,0.23498166876110685,-0.14662398740154792
2020-04-08,-0.0154,0.033568671527196337,1.19245724,2.3576734066214584,4.013923169105297,0.5410757895547744,0.24233325945738438,-0.1597659794231323
2020-04-20,-0.0242,-0.01761796415022554,1.16359977,2.3242624460223404,3.710374896331051,0.5419009381472809,0.2458118512631554,-0.18009964609765083
2020-04-21,0.029249999999999998,-0.03036334719410705,1.19763507,2.690534256366134,3.141509551986214,0.5415876034851371,0.25478822015121916,-0.15611755600564903
2020-04-21,0.029249999999999998,-0.03036334719410705,1.19763507,3.0588760587493846,2.61628760061274,0.5409830173624497,0.2632681255564006,-0.15611755600564903
2020-04-23,-0.05425,-7.160728376920389e-05,1.13266336,2.168489714453017,2.796299593498802,0.5405605533599118,0.26186740543820475,-0.20189818384355307
2020-04-23,-0.05425,-7.160728376920389e-05,1.13266336,1.7227844642276733,2.939317838936125,0.5532129525136281,0.2608784224896354,-0.20189818384355307
2020-04-28,-0.0015,-0.004597964895123208,1.13096437,1.7078865316191525,3.009528395134417,0.553276428208706,0.2602547473810308,-0.20309533301648264
2020-04-28,-0.0015,-0.004597964895123208,1.13096437,1.6929935141606947,3.0801438338832923,0.5533394145720758,0.2596253767792369,-0.20309533301648264
2020-04-30,-0.00983333,-0.009310705273016806,1.11984322,1.613543148790906,2.6446325725836424,0.5539775745506471,0.2586220494308902,-0.21093156249665967
2020-04-30,-0.00983333,-0.009310705273016806,1.11984322,1.7833168796351933,2.695240543324489,0.5500611872191027,0.2580148572472676,-0.21093156249665967
2020-04-30,-0.00983333,-0.009310705273016806,1.11984322,1.2629399948267743,2.499027653126681,0.5358925069855202,0.25914196726522865,-0.21093156249665967
2020-05-01,-0.0102,-0.026473321758148094,1.10842082,0.7129470430020305,2.0000001706496997,0.5206558939314413,0.26557163463487526,-0.218980059964491
2020-05-04,-0.0441,0.002758238704633875,1.05953946,-0.14480143217198232,2.1660090859738808,0.5110441166915359,0.26480181603345165,-0.25342304061515586
2020-05-05,-0.021166670000000002,0.009239356692858358,1.03711254,-0.18846710747885226,2.3277082749844467,0.5118484667719777,0.2650438409158921,-0.26922558726308077
2020-05-05,-0.021166670000000002,0.009239356692858358,1.03711254,-0.23199812805420353,2.4893829337416493,0.5126475846917729,0.2652570382025667,-0.26922558726308077
2020-05-05,-0.021166670000000002,0.009239356692858358,1.03711254,-0.6765029541297706,2.5810282546484133,0.5090886268826779,0.2655868523100174,-0.26922558726308077
2020-05-06,0.0897,-0.006778932759478495,1.13014154,-0.21313994105507503,2.5241932758905326,0.5367363781452831,0.2660012183848655,-0.2036751188033099
2020-05-07,0.027200000000000002,0.012066909340975318,1.16088139,0.20055519993713194,2.6552656559954966,0.5365108460599842,0.2666651891756728,-0.18201508195584215
2020-05-07,0.027200000000000002,0.012066909340975318,1.16088139,0.3284673952263825,2.805145103080586,0.5388663915272626,0.2672938253322398,-0.18201508195584215
2020-05-14,0.0361,0.011967075334641919,1.2027892,0.5191291786409403,2.953284115697463,0.5432174718790899,0.26788132971383377,-0.15248583217756795
2020-05-19,-0.008199999999999999,-0.010271100190942906,1.19292633,0.46241057200718483,2.725247165886069,0.5435285765830086,0.2692106045349541,-0.15943544733905335
2020-05-20,-0.0676,0.01698797050701928,1.11228451,-0.030206803150505605,2.9010668082442073,0.5605796785455796,0.27067197442517027,-0.21625761116375863
2020-06-19,-0.011000000000000001,-0.005714837590321209,1.10004938,-0.10481176166404038,2.7503433824750987,0.5610057408296915,0.2712382378077862,-0.2248787777157607
2020-07-16,0.0038,-0.0032935096293821298,1.10422957,0.05072399806869689,2.7040354525955053,0.559892774255237,0.271450626714759,-0.22193331541098638
2020-07-20,-0.038900000000000004,0.008081760544286665,1.06127504,-0.0978402883994079,2.8263088414166417,0.5641847637923979,0.2715651642702524,-0.2522001092491367
2020-07-21,0.0178,0.002127585414767985,1.08016574,-0.08664373398304252,2.8124035553854765,0.5643801086593347,0.2715713645199152,-0.23888926817234346
2020-07-22,0.040999999999999995,0.005691889850215626,1.12445253,0.08815339571413623,2.8505142980590694,0.5694618975630669,0.27162352271118423,-0.20768373193010192
2020-07-23,0.01585,-0.01193175463494145,1.1422751,0.08552569825928132,2.613731959487103,0.5694194960251611,0.27327615546226297,-0.19512552091356872
2020-07-23,0.01585,-0.01193175463494145,1.1422751,0.08289761221458232,2.380339433111703,0.569377075395389,0.27486605410819964,-0.19512552091356872
2020-07-24,-0.0023,-0.006440134464390956,1.13964787,-0.1040034747882306,2.3220180527327017,0.56728873838239,0.27526331922940067,-0.19697673029184404
2020-07-28,-0.019299999999999998,-0.0063423038106692475,1.11765267,-0.41177058827087,2.265421630950235,0.5663347665972611,0.2756438800078834,-0.21247507665551923
2020-07-29,0.0009,0.012298542693393477,1.11865856,-0.39798960433937536,2.379681316712605,0.5663464511193513,0.2763285867181194,-0.2117663023946006
2020-07-30,-0.00178,-0.003567920052564677,1.11666734,-0.40314353932268665,2.2677517377924272,0.5663491479575634,0.27658781185248266,-0.21316936384647545
2020-07-30,-0.00178,-0.003567920052564677,1.11666734,-1.7077535945651796,2.211010183930016,0.4807719349049589,0.27681804150877065,-0.21316936384647545
2020-07-30,-0.00178,-0.003567920052564677,1.11666734,-1.8917022319501604,2.106744020016662,0.47859540719929394,0.27706739679796755,-0.21316936384647545
2020-07-30,-0.00178,-0.003567920052564677,1.11666734,-1.7832641724277927,2.032413437381829,0.47804470766628293,0.2773128848876547,-0.21316936384647545
2020-07-30,-0.00178,-0.003567920052564677,1.11666734,-2.035360157141532,1.8813259363587371,0.4742158269205441,0.2773897386812835,-0.21316936384647545
2020-07-31,-0.0215,0.007902221449525237,1.09265899,-2.5732607453981453,1.9905615915230295,0.4677334009592465,0.277606793409298,-0.23008622406690282
2020-08-03,0.026600000000000002,0.006952085104203309,1.12172372,-2.2310033095933477,1.9929487529182437,0.4717160191895119,0.27761852606431353,-0.20960651701687805
2020-08-05,0.0344,0.006210869121104912,1.16031102,-1.9183380788367397,2.049019330930643,0.47791367440088467,0.277734681474694,-0.18241697836121462
2020-08-06,0.014750000000000001,0.006684587777948003,1.17742561,-1.8238586434510018,2.173455253123233,0.4790941464337638,0.2777392920412528,-0.1703576270621905
2020-08-06,0.014750000000000001,0.006684587777948003,1.17742561,-1.4831973865772798,2.1214427171893484,0.478156182324859,0.27739385377886794,-0.1703576270621905
2020-08-06,0.014750000000000001,0.006684587777948003,1.17742561,-1.2946875936822788,2.229277297387972,0.47934343622998965,0.2774526486500123,-0.1703576270621905
2020-08-06,0.014750000000000001,0.006684587777948003,1.17742561,-1.0698357661913798,2.277829384038629,0.4801671585805872,0.2775777296120534,-0.1703576270621905
2020-08-11,0.021400000000000002,-0.008254779007413227,1.20262252,-0.7888030908483251,2.105824977887854,0.4819960829401805,0.2784054069113964,-0.15260327891012304
2020-08-11,0.021400000000000002,-0.008254779007413227,1.20262252,-0.5100590004116176,1.9350690330656395,0.4836695358790124,0.2792000706998599,-0.15260327891012304
2020-08-18,0.0134,0.002160279325045922,1.21873766,-0.3000079500440114,1.919581218030753,0.48398717426887883,0.279191101749086,-0.141248164093294
2020-09-24,-0.029900000000000003,0.002665426433536622,1.1822974,-0.3056856897449435,2.2424948255569253,0.4841574367563216,0.2761312785290032,-0.16692484678144348
2020-10-08,-0.0319,0.008862581297571115,1.14458211,-0.6839390072422082,2.2622888547600124,0.48717794492163174,0.27625109541494863,-0.19349994624070999
2020-10-15,-0.0382,-0.0012358424786718114,1.10085908,-0.8369382413802527,2.0320202403510064,0.49155359339481464,0.2751206061266726,-0.224308243642387
2020-10-20,0.0239,0.0040056107235204585,1.12716961,-0.4893181793714156,1.8771687762396332,0.4929307967054251,0.273873785574158,-0.2057692120831437
2020-10-21,0.00035000000000000005,-0.0018927563957706894,1.12756412,-0.6140732403716966,1.7997398603559807,0.49179801389358757,0.27397227447588834,-0.20549123085887955
2020-10-21,0.00035000000000000005,-0.0018927563957706894,1.12756412,-0.7394540623141488,1.722407702500969,0.49063223598313066,0.2740642220872024,-0.20549123085887955
2020-10-22,0.0069,0.005485205439213603,1.13534431,-0.6999861532407707,1.8823190809179913,0.49086685273589076,0.27376236351271327,-0.20000912206263288
2020-10-27,0.02093333,-0.003447344311018563,1.15911085,0.31237241765932167,1.7229256870333003,0.4498902977831668,0.27375415794480157,-0.1832626469777897
2020-10-27,0.02093333,-0.003447344311018563,1.15911085,0.6811382202884133,1.5781655763793339,0.4496394870784346,0.27379754365745107,-0.1832626469777897
2020-10-27,0.02093333,-0.003447344311018563,1.15911085,0.7420147971684854,1.5426017370367873,0.4506648132571802,0.2739371951606559,-0.1832626469777897
2020-10-28,-0.04085,-0.03417891526556138,1.11176117,0.2521277636014631,1.024695849060322,0.457704293853223,0.2831355707531207,-0.21662636910121613
2020-10-28,-0.04085,-0.03417891526556138,1.11176117,-0.22316978448055572,0.5403652507535599,0.4642207288102949,0.2918020631977949,-0.21662636910121613
2020-10-29,-0.025333329999999998,0.010163350320793851,1.08359656,-0.570541702671343,0.7136786035523603,0.4657562431559436,0.29234571519360625,-0.23647182997348992
2020-10-29,-0.025333329999999998,0.010163350320793851,1.08359656,-1.1976145349256335,0.9076631021362916,0.4584669474089964,0.29275940091739944,-0.23647182997348992
2020-10-29,-0.025333329999999998,0.010163350320793851,1.08359656,-1.7281864730296335,-0.14935338212892707,0.4548120311473602,0.23812683880284066,-0.23647182997348992
2020-10-30,0.0111,-0.010425049250433638,1.09562448,-1.0837633260513773,-1.7668774715997395,0.4366266957233866,0.19578650254245072,-0.22799666856579293
2020-11-02,-0.0079,0.01120864897650109,1.08696905,-1.0166542872479432,-2.361786509728968,0.4359397344398468,0.18433962976539495,-0.23409549249403838
2020-11-03,0.026699999999999998,0.01765592931965232,1.11599112,-0.5480653690417502,-1.5865876206315292,0.437174128368888,0.18547685175540243,-0.21364584470493764
2020-11-03,0.026699999999999998,0.01765592931965232,1.11599112,-0.5722960985858819,-0.5692757243589741,0.4364873369174535,0.1795231492944343,-0.21364584470493764
2020-11-04,0.0154,0.022349197852108427,1.13317738,-0.7041091164096966,0.6220780574366594,0.43345554387399066,0.17465976822712737,-0.20153599300201241
2020-11-04,0.0154,0.022349197852108427,1.13317738,-0.06317982095055762,1.101434632129281,0.4210205030624613,0.18006990527541308,-0.20153599300201241
2020-11-05,0.0179,0.01950273460319507,1.15346126,0.6424260760240512,1.504212168556568,0.40782902465838144,0.1839053048532981,-0.18724348382549993
2020-11-05,0.0179,0.01950273460319507,1.15346126,0.8299497010628776,1.9931422277924356,0.4091814233622715,0.18715944613188787,-0.18724348382549993
2020-11-05,0.0179,0.01950273460319507,1.15346126,1.0163953031819144,2.468635425041289,0.41047021635570224,0.19016100500183453,-0.18724348382549993
2020-11-17,-0.0051,-0.0053783660982696935,1.14757861,1.063634288825277,2.561833879537178,0.41004067336122096,0.18938290807350144,-0.191388540348572
2020-12-17,0.0352,0.0055918463542941055,1.18797337,1.4858988492259544,2.8957446884436795,0.414743332173001,0.18813045182861263,-0.16292542195194293
2021-01-11,-0.009300000000000001,-0.006741025450982319,1.17692522,1.491268404910681,2.959308924764876,0.41468052160404945,0.18756287025676208,-0.1707102138782649
2021-01-13,-0.021099999999999997,0.0026928456196471107,1.1520921,1.3797373306979952,3.7677945668746275,0.4166010060112055,0.17827966294184763,-0.18820822685612892
2021-01-19,0.037000000000000005,0.007851896280767434,1.19471951,2.1854621614694274,3.8755235393775638,0.411446135217189,0.17858123391303746,-0.15817192962917037
2021-01-21,0.0173,0.0009114892995647494,1.21538815,2.5732654191584245,3.698403309191527,0.4092335878606729,0.17812668091406822,-0.14360830931264168
2021-01-26,-0.00095,-0.0015611783903437537,1.21423353,2.7920445526218365,3.46215076267487,0.40613009521470333,0.1778033967935826,-0.1444218823048593
2021-01-26,-0.00095,-0.0015611783903437537,1.21423353,3.0148613619513154,3.2258190600134697,0.4029372678064847,0.17743711436805953,-0.1444218823048593
2021-01-27,-0.0134,-0.024440330825187262,1.1979628,2.1941258791020193,2.7197982154558273,0.36570372176112104,0.18447487404331298,-0.15588662957380173
2021-01-27,-0.0134,-0.024440330825187262,1.1979628,1.758836002286441,1.8651237446402436,0.36387701819158624,0.19071414085900318,-0.15588662957380173
2021-01-28,-0.0064,0.008600233353103448,1.19029584,1.4012761434675576,1.7986612428700877,0.36081396401201615,0.1900517787650987,-0.1612889537916512
2021-01-29,0.0197,-0.020019542440221638,1.21374467,1.2360461368051248,1.1052236248649032,0.3559737674010227,0.19352852462775957,-0.14476634480592065
2021-02-02,-0.0029249999999999996,0.0141403071246895,1.21019447,1.2969341333172004,1.6059868827173647,0.3555307768950711,0.19398534951870208,-0.14726790102092757
2021-02-02,-0.0029249999999999996,0.0141403071246895,1.21019447,2.2042949479412974,1.5541428326472755,0.326544322334113,0.19312721259074925,-0.14726790102092757
2021-02-02,-0.0029249999999999996,0.0141403071246895,1.21019447,2.3102479419745414,1.9533099594835737,0.32554947299604087,0.1943203382823352,-0.14726790102092757
2021-02-02,-0.0029249999999999996,0.0141403071246895,1.21019447,2.226187130951484,2.2959537596624675,0.325758778279365,0.19569345298114452,-0.14726790102092757
2021-02-04,0.0052,0.011365802115265833,1.21648748,2.866615539359444,2.3565878465718506,0.31451723735561204,0.1962325682320819,-0.14283369498278875
2021-02-08,-0.0287,0.007221844462440785,1.18157429,2.238501738418861,2.4567341010940873,0.31967810778000805,0.19652770781053527,-0.16743436746045692
2021-02-10,-0.02635,-0.00043546510470438005,1.15043981,1.414934678838353,2.3331668442766684,0.31535024667451483,0.19643125946717357,-0.18937247008707192
2021-02-10,-0.02635,-0.00043546510470438005,1.15043981,0.8696852947652627,2.59280854389904,0.31896595431669705,0.1944964509916786,-0.18937247008707192
2021-02-11,0.00995,0.001615217126949009,1.16188668,0.7979272913895713,2.902277272817761,0.3180740936408046,0.19242818464226552,-0.18130673046933865
2021-02-11,0.00995,0.001615217126949009,1.16188668,0.9507073659922465,3.0825404911289387,0.3184996885807967,0.19162809215390075,-0.18130673046933865
2021-02-16,-0.0006,-0.0008661295505719702,1.16118955,1.1957254548425065,3.2085227735747393,0.3157915543829709,0.19093087179806667,-0.18179794501617208
2021-02-18,0.0039000000000000003,-0.0042559619014423955,1.16571819,1.2335928123298205,2.870843635262725,0.3158254458893801,0.1903231598028953,-0.178606956469744
2021-02-22,-0.026699999999999998,-0.007691503406847211,1.13459351,0.9037807375963632,2.7742289035517507,0.32078577019803783,0.19100575942659145,-0.20053815378091
2021-02-25,-0.0088,-0.024095629435185617,1.12460909,0.8148044637728276,2.264100580117623,0.32135317323568646,0.1977751628827177,-0.20757341599268375
2021-03-16,0.0070999999999999995,-0.001261367961948423,1.13259382,0.9248360224080185,2.313085677949144,0.32152726839700346,0.1975755043294732,-0.20194718339828
2021-04-19,0.008,-0.004912789894110037,1.14165457,1.0457607345951168,2.2839262974311807,0.3217561999306407,0.19774262878791982,-0.19556276126005567
2021-04-20,0.037599999999999995,-0.007321796748351317,1.18458078,1.4981192756159651,2.201808294948805,0.329746775200451,0.19829795547159904,-0.16531592237430492
2021-04-20,0.037599999999999995,-0.007321796748351317,1.18458078,2.1880306308316473,1.890786422874302,0.33381616770254385,0.19870991556312162,-0.16531592237430492
2021-04-20,0.037599999999999995,-0.007321796748351317,1.18458078,2.2932066187528433,1.5997867768996272,0.33769307731248227,0.1991655935827388,-0.16531592237430492
2021-04-21,-0.009899999999999999,0.00946231195734959,1.17285343,1.7956925579020675,1.6614683207415222,0.33257363426271425,0.19959950498725249,-0.17357929493868496
2021-04-21,-0.009899999999999999,0.00946231195734959,1.17285343,1.4995575664814842,1.7138660885719266,0.3324980721946539,0.19998012293667713,-0.17357929493868496
2021-04-22,0.008,-0.009133151977583909,1.18223626,1.4216920536316684,1.3919884092668353,0.331717405886396,0.20076905109769197,-0.16696792749435685
2021-04-27,-0.0042,-0.0002156350765973869,1.17727086,1.1961636846842392,1.2564200057577066,0.3308911690497296,0.20046425518146185,-0.17046666763012264
2021-04-27,-0.0042,-0.0002156350765973869,1.17727086,0.9697185266470028,1.1205272404219462,0.3299926640635242,0.2001436476873826,-0.17046666763012264
2021-04-27,-0.0042,-0.0002156350765973869,1.17727086,0.6642070650911723,1.2866522780661807,0.3276086802390925,0.1992947040359563,-0.17046666763012264
2021-04-28,0.006999999999999999,-0.00028744501528243926,1.18551176,0.49200984343395815,1.4529166186701772,0.3251967458278638,0.19842316979399632,-0.16465993149912983
2021-04-29,0.02883333,0.006372734017027648,1.21969401,0.6737555935029388,1.5357735445010567,0.3291005256775397,0.19868954038401107,-0.14057429690659418
2021-04-29,0.02883333,0.006372734017027648,1.21969401,1.3934044998985304,1.608397085031595,0.32773443751132936,0.19893804397097448,-0.14057429690659418
2021-04-29,0.02883333,0.006372734017027648,1.21969401,2.153683904258988,1.5608779286371997,0.3248387372986888,0.198613853918288,-0.14057429690659418
2021-04-30,0.011000000000000001,-0.006570559304956647,1.23311065,2.85162031953198,1.449388649232004,0.3143475847258379,0.19916887975523356,-0.13112061002233122
2021-05-04,-0.01916667,-0.006169354448051334,1.20947603,2.3001515055608714,1.2422630790420999,0.3148198187159965,0.1996141212716493,-0.14777413110574245
2021-05-04,-0.01916667,-0.006169354448051334,1.20947603,2.032545730914673,1.1540607572460098,0.31786079406403384,0.20004740586882813,-0.14777413110574245
2021-05-04,-0.01916667,-0.006169354448051334,1.20947603,1.7705934283111069,1.066275970570908,0.3207963561356888,0.20047386829743988,-0.14777413110574245
2021-05-05,0.02305,0.0003128943854875388,1.23735445,1.9563159296701602,0.9641298239073863,0.32336286302522615,0.20025438430644285,-0.1281303265833006
2021-05-05,0.02305,0.0003128943854875388,1.23735445,1.979331787406199,1.0401763412779115,0.3238803135880928,0.20007394016326158,-0.1281303265833006
2021-05-06,-0.0113,0.007985506361361638,1.22337235,1.5862598199621338,1.2667615001311596,0.32285586103556807,0.20038782495940655,-0.13798245016897126
2021-05-10,0.0721,-0.009902331293966227,1.31157749,2.0474180046003103,1.1322802478487317,0.35009947084055815,0.20138444899576702,-0.07583098936040977
2021-05-11,-0.013999999999999999,-0.008924513034606507,1.29321541,2.4208070698381574,1.7365079783859798,0.34046495082943623,0.18948444052152216,-0.08876935208489123
2021-05-18,-0.0086,-0.008615709852239029,1.28209375,2.8936720763216144,2.4438999851564907,0.32940842461032804,0.17647778837860223,-0.09660594092332109
2021-06-17,0.0286,-0.0003316155996189174,1.31876164,3.567204987019956,2.2160250544758826,0.32768884441836554,0.17568131728968328,-0.07076886466826793
2021-07-19,-0.0212,-0.01476807362231114,1.29080389,3.633576598312399,1.6289713428571713,0.3262533671508633,0.17777384864052606,-0.09046856701464545
2021-07-20,0.0143,0.01433021367567866,1.30926238,4.186794911575209,1.7126029355061048,0.32100925609808373,0.17882484726319842,-0.07746227148787421
2021-07-20,0.0143,0.01433021367567866,1.30926238,4.2227581309724895,2.2624883457049667,0.32130656739450353,0.17912888295676668,-0.07746227148787421
2021-07-20,0.0143,0.01433021367567866,1.30926238,4.508440091061527,2.3219913792987703,0.3206430363499914,0.17991594309523506,-0.07746227148787421
2021-07-21,-0.0036,0.008096545963309332,1.30454904,4.1607328188714545,2.138654079049848,0.31830929253448825,0.1774600853677029,-0.08078340409179541
2021-07-22,0.0008,0.002094162045512604,1.30559268,3.870408110884096,1.8191865431856429,0.3154189132063232,0.17440688945951363,-0.0800480302739176
2021-07-27,-0.001925,-0.004557556766748849,1.30307941,3.655958474264803,1.237519583357865,0.3149652623534138,0.16941279207826254,-0.08181894069825713
2021-07-27,-0.001925,-0.004557556766748849,1.30307941,3.441571170947418,0.6221683795880287,0.3144493797296904,0.1639823442334227,-0.08181894069825713
2021-07-27,-0.001925,-0.004557556766748849,1.30307941,3.1994393364839135,0.036238419244864685,0.31346114569628203,0.15959481769610595,-0.08181894069825713
2021-07-27,-0.001925,-0.004557556766748849,1.30307941,2.9565734569122006,-0.5841928317825219,0.3123886260429982,0.15484219703755495,-0.08181894069825713
2021-07-28,0.012199999999999999,-0.0004100966264211081,1.31897698,2.8914443380381813,-1.1379322865016797,0.31153977551965767,0.1494895860703835,-0.07061713093063637
2021-07-29,-0.019825,0.004147400866632678,1.29282826,2.6762380132110777,-0.8830690657126984,0.3145833501519727,0.149485429567294,-0.08904214727632831
2021-07-29,-0.019825,0.004147400866632678,1.29282826,1.9983022264726114,-0.9230318808643625,0.3111641030884486,0.14927300284283943,-0.08904214727632831
2021-07-29,-0.019825,0.004147400866632678,1.29282826,1.8492095496652625,-0.6323110914545839,0.31348525109279,0.1490248021572235,-0.08904214727632831
2021-07-29,-0.019825,0.004147400866632678,1.29282826,1.8677225463161944,-0.5926726440982231,0.3131085616294728,0.14917478509982104,-0.08904214727632831
2021-07-30,0.014199999999999999,-0.004856429421648989,1.31118642,1.6126171126016986,-0.9376886640169675,0.30608624709659427,0.1484982409097794,-0.07610654667802641
2021-08-02,-0.0281,-0.0020981258945350634,1.27434209,1.005553918140299,-1.018747165269581,0.31027666878074694,0.14849963078319572,-0.10206794679612285
2021-08-04,-0.0144,-0.004919138958735969,1.25599156,0.8280298733676679,-1.1074078928281552,0.311824401878013,0.1487396118848948,-0.11499817111311084
2021-08-04,-0.0144,-0.004919138958735969,1.25599156,0.6523528482890962,-1.1958252842260295,0.3133272438927379,0.14897432325692925,-0.11499817111311084
2021-08-05,0.0045000000000000005,0.006332969008878253,1.26164352,0.8844164165972646,-0.38886103514793946,0.3120701004871573,0.14157773121673353,-0.11101566430646037
2021-08-10,-0.01205,0.0012438538401760013,1.24644072,0.9024237309430817,0.3591591545729292,0.31182681743743784,0.13276196621889277,-0.12172792243994779
2021-08-10,-0.01205,0.0012438538401760013,1.24644072,0.8279366427361949,0.13864950779502536,0.3125842083093563,0.13167848761423867,-0.12172792243994779
2021-08-17,0.0096,-0.006555228630038434,1.25840655,0.7027491077431087,0.5725301244548497,0.3107793629242663,0.12595741194283194,-0.11329651113798855
2021-09-29,-0.0127,0.0016831605724108023,1.24242479,0.5749057507813572,0.18146130810593716,0.31187706812170957,0.12281310412198222,-0.12455764320230844
2021-10-19,0.003,0.007714898941226789,1.24615206,0.6510134594966209,-0.028352808002381068,0.3118213871598972,0.12047505866221189,-0.12193131921112232
2021-10-19,0.003,0.007714898941226789,1.24615206,0.7271653213024374,-0.2466154756003662,0.3117584314856408,0.1180681742307209,-0.12193131921112232
2021-10-20,0.01585,0.0039276208350342845,1.26590357,0.9639680824340892,-0.6096006345171431,0.31308082238359314,0.11477708541956803,-0.10801393072701682
2021-10-20,0.01585,0.0039276208350342845,1.26590357,1.0955723655554996,-0.8851915390092228,0.31435615832220737,0.11265461182823643,-0.10801393072701682
2021-10-26,-0.02725,0.0008998447238719454,1.2314077,1.115978124615526,-1.1199315580155806,0.313805362556412,0.11162191767906181,-0.13232054950640126
2021-10-26,-0.02725,0.0008998447238719454,1.2314077,1.10335153583324,-1.0717453967800215,0.3141337178075808,0.11165680694335219,-0.13232054950640126
2021-10-27,-0.0373,-0.004430102339272879,1.18547619,0.9498392037954645,-1.2118134496357016,0.31879071614441795,0.11193655082780733,-0.16468499497571365
2021-10-27,-0.0373,-0.004430102339272879,1.18547619,0.34757582348935107,-1.4255462875579705,0.327410344187781,0.11211666506995505,-0.16468499497571365
2021-10-28,-0.00156,0.00964890719165723,1.18362685,0.20730439968384085,-1.121008708895624,0.32686194843592453,0.11390878089682285,-0.16598808437086343
2021-10-28,-0.00156,0.00964890719165723,1.18362685,0.19554674194298932,-0.7401188224706391,0.3268779595347868,0.1157011358666023,-0.16598808437086343
2021-10-28,-0.00156,0.00964890719165723,1.18362685,0.1287584824464187,-0.25625589626056156,0.3268127986636602,0.11712164481549805,-0.16598808437086343
2021-10-28,-0.00156,0.00964890719165723,1.18362685,0.44263962829659714,0.3343176508133469,0.32224841808429744,0.11769803429337886,-0.16598808437086343
2021-10-28,-0.00156,0.00964890719165723,1.18362685,0.5333861032889241,1.6078699349751822,0.32171801803964095,0.10842088221543451,-0.16598808437086343
2021-10-29,0.028399999999999998,0.0020290774462154992,1.21724185,0.7871645437145253,1.729922759360198,0.3262341044836637,0.10837967039619721,-0.142302147756741
2021-11-02,0.0141,0.004043124116797081,1.23440496,0.8599599214125238,2.068489142318058,0.3269918899686814,0.10795904602318165,-0.13020860810000412
2021-11-02,0.0141,0.004043124116797081,1.23440496,0.5856777587934529,2.5157890586469174,0.31962955258135123,0.10683399589912979,-0.13020860810000412
2021-11-03,-0.0281,0.0061054177675754495,1.19971818,-0.2393745089491819,3.0445646141032086,0.31582343638791416,0.10592012222189466,-0.1546497466520793
2021-11-03,-0.0281,0.0061054177675754495,1.19971818,-1.0878339921090434,3.5866015284395267,0.311076949658399,0.10488745714265298,-0.1546497466520793
2021-11-04,-0.01343333,0.004712366922630995,1.18360197,-1.1315398646696557,3.439623811482195,0.3115519046276991,0.10384558124371766,-0.16600561541661563
2021-11-04,-0.01343333,0.004712366922630995,1.18360197,-1.1751251269009053,3.2904582231980775,0.3120235552846961,0.10277898422777436,-0.16600561541661563
2021-11-04,-0.01343333,0.004712366922630995,1.18360197,-1.4484766303431522,3.9062753857626764,0.3123281594766386,0.10075378475863468,-0.16600561541661563
2021-11-09,0.0095,-0.0033054642620993224,1.19484619,-1.2698805535888593,3.7682640351033334,0.3131003454429845,0.10116401322515714,-0.1580826678576316
2021-11-16,0.0085,0.003957811312147896,1.20500238,-1.1055229184443318,3.9311625709397022,0.31369773906452314,0.10121853041120693,-0.15092637237701323
2021-12-16,0.0163,-0.008818564556729802,1.22464392,-0.8389807124095771,3.5195114466018813,0.31562112940533127,0.10327989717677617,-0.13708647139698193
2021-12-27,-0.0078000000000000005,0.014152050417757911,1.21509169,-1.0270239367973835,3.963219342301767,0.31547467239210075,0.1062905495927042,-0.1438172021512144
2022-01-12,-0.0362,0.0027036647987306317,1.17110537,-1.8424176313473761,3.839847628818698,0.317047204749565,0.10588349447125922,-0.17481102001254134
2022-01-20,0.0073,-0.011068188027216652,1.17965444,-2.152975954434051,3.1067683430412587,0.31132102456582794,0.1084125881976171,-0.16878713989563832
2022-01-25,0.0304,-0.01220901582071332,1.21551594,-2.1283398250949097,2.359696517631905,0.3119802543611146,0.111237100062334,-0.1435182654084346
2022-01-26,-0.0339,-0.002508766684996111,1.17430995,-2.6621253006005374,2.524736184252379,0.3168896669926453,0.11040082915076588,-0.17255299595319618
2022-01-26,-0.0339,-0.002508766684996111,1.17430995,-2.8097091425496616,2.675302877661902,0.3212194836583687,0.10966060016240911,-0.17255299595319618
2022-01-27,-0.0421,-0.00493796398617774,1.1248715,-3.0227826654097116,2.727868174561264,0.32892428932373685,0.10935311457126987,-0.2073885156021762
2022-01-27,-0.0421,-0.00493796398617774,1.1248715,-3.2287618154796007,2.780774905892495,0.336351834561908,0.10904386479936679,-0.2073885156021762
2022-01-28,-0.0248,0.024835522725324077,1.09697469,-3.8229593300354794,3.3774825470487095,0.33413903986997034,0.11882132643013521,-0.2270452781604454
2022-02-01,-0.02976667,0.006756844693741382,1.06432141,-4.47358934117352,3.581866960339051,0.33276783505780844,0.11923747090471139,-0.2500535637568515
2022-02-01,-0.02976667,0.006756844693741382,1.06432141,-4.650149264199366,3.547742459038499,0.3360178848514936,0.11899908622789697,-0.2500535637568515
2022-02-01,-0.02976667,0.006756844693741382,1.06432141,-6.582175332817226,4.175767122046685,0.29929315163909864,0.1170598839594147,-0.2500535637568515
2022-02-03,0.0673,-0.023504955911496594,1.13595024,-4.916334859457657,3.420377510336374,0.33455817128401333,0.12586126588068558,-0.19958216922691685
2022-02-08,0.0084,0.008227934806084525,1.14549222,-4.694880887518147,3.9909563036738915,0.33585516603671345,0.12474895338135969,-0.1928586608689451
2022-02-08,0.0084,0.008227934806084525,1.14549222,-5.0274853452508195,4.247367202352138,0.32970757469553663,0.12527897828146298,-0.1928586608689451
2022-02-09,-0.011899999999999999,0.014635972737923497,1.13186086,-4.931916660504293,5.284119350648617,0.3285538080917841,0.12295748180972821,-0.20246364462394384
2022-02-09,-0.011899999999999999,0.014635972737923497,1.13186086,-5.291968714697834,5.288894089413062,0.3260034389864127,0.123077723656786,-0.20246364462394384
2022-02-10,-0.007525,-0.017965343279763957,1.12334361,-5.608689382835428,4.094789263215112,0.32315927595257654,0.12742116475985527,-0.20846510360435833
2022-02-10,-0.007525,-0.017965343279763957,1.12334361,-5.9332798778060605,2.994304379281545,0.3201938959775628,0.131109112440147,-0.20846510360435833
2022-02-10,-0.007525,-0.017965343279763957,1.12334361,-5.984182312903301,2.1186521738754136,0.3200938574130225,0.13609267067351602,-0.20846510360435833
2022-02-10,-0.007525,-0.017965343279763957,1.12334361,-6.096888007910712,1.4723434414260714,0.31963847744479357,0.14133591756845407,-0.20846510360435833
2022-02-17,0.0008,-0.0213613688487142,1.12424228,-6.058093632801504,0.9532693562652644,0.31988610897448905,0.14778589284977023,-0.20783187913144407
2022-03-01,-0.0557,-0.015230266265339187,1.06162199,-6.451372944802599,0.6511263850827237,0.3337274125090715,0.15079856568114933,-0.2519556399435211
2022-03-16,0.010700000000000001,0.022174146053376642,1.07298134,-6.263134617021557,1.3098082567421876,0.335694524956554,0.156599819227206,-0.24395156902049175
2022-04-18,0.06309999999999999,0.0004112039901078557,1.14068647,-5.052006622245582,1.440199581793569,0.3646867745357519,0.15622194458309757,-0.19624490777905423
2022-04-19,0.051050000000000005,0.01614258480615338,1.19891851,-4.427294006579406,1.8298302117574774,0.3810453964640586,0.15914127065710978,-0.1552132133464782
2022-04-19,0.051050000000000005,0.01614258480615338,1.19891851,-3.533980463942078,2.095746316137066,0.397144244095347,0.16184317640558973,-0.1552132133464782
2022-04-21,0.055650000000000005,-0.014953504311264187,1.26563833,-2.658024438925197,1.5928139692717407,0.41444314200716875,0.164977596318103,-0.10820082520351637
2022-04-21,0.055650000000000005,-0.014953504311264187,1.26563833,-1.8589248522775426,1.109946867673283,0.43019490487752254,0.16791344229967345,-0.10820082520351637
2022-04-22,0.0206,-0.027439081850269664,1.29171048,-1.4788008510868564,0.3392462081372284,0.43143064161147654,0.17694838442783525,-0.08982976191944991
2022-04-26,0.01653333,-0.028960813870797075,1.31306676,-1.4558417342634966,-0.19553215451195813,0.43182350471498165,0.18609966956209875,-0.0747816139380888
2022-04-26,0.01653333,-0.028960813870797075,1.31306676,-1.0461153090761626,-0.7384031757852721,0.4302903858634078,0.19479767417782234,-0.0747816139380888
2022-04-26,0.01653333,-0.028960813870797075,1.31306676,-0.7572180476949115,-1.183747216128238,0.4310515854628824,0.20275099077464925,-0.0747816139380888
2022-04-27,0.0189,0.002811686670975977,1.33788372,-0.4471389289673216,-1.0313568445434977,0.43208056262558125,0.20272577768214659,-0.05729498768447561
2022-04-28,-0.0362,0.025259502707308368,1.28945233,-0.8133514844739502,-0.638518821387439,0.43769519917978583,0.20888418495534838,-0.09142090866242714
2022-04-28,-0.0362,0.025259502707308368,1.28945233,-1.0223238432496426,-0.1734390085621984,0.4427168973789445,0.2151412673824987,-0.09142090866242714
2022-04-29,-0.034,-0.036955543542608105,1.24561095,-1.2091117301807954,-0.8361876520466323,0.44693970500079055,0.22735504067951698,-0.1223125983175114
2022-05-02,0.0196,0.006019448786662274,1.27002492,-1.1158368721832341,-0.6147184448414416,0.4484526837878398,0.22744196006031972,-0.10510992849989764
2022-05-02,0.0196,0.006019448786662274,1.27002492,-0.824950609325537,-0.5376563227496973,0.4499663807794334,0.2277804797247352,-0.10510992849989764
2022-05-02,0.0196,0.006019448786662274,1.27002492,-0.6745484043982132,-0.5679857334356101,0.45185792155556626,0.22755750388204704,-0.10510992849989764
2022-05-05,-0.01453333,-0.03554286404085005,1.25156723,-0.8284828394840081,-1.2731227192131187,0.4525541654351156,0.23743230963340253,-0.11811566032744847
2022-05-05,-0.01453333,-0.03554286404085005,1.25156723,-1.0986152089529493,-1.8637436191958308,0.45190224562170844,0.24690220394778173,-0.11811566032744847
2022-05-05,-0.01453333,-0.03554286404085005,1.25156723,-1.3699317005914882,-2.4177379440013946,0.45111738032864673,0.2556291711473619,-0.11811566032744847
2022-05-10,0.012350000000000002,0.0023104980165646882,1.26702408,-1.0231109545609263,-2.3948143802632043,0.44921813997900156,0.2557199165634398,-0.1072243924603058
2022-05-10,0.012350000000000002,0.0023104980165646882,1.26702408,-0.6736979964878917,-2.3719120320609557,0.4470846010678519,0.25581012791939334,-0.1072243924603058
2022-05-17,0.0437,0.02057031434515655,1.32239303,0.05068476601139468,-1.9501072409309286,0.44983930664440924,0.259861326065038,-0.06821010002863803
2022-06-16,-0.0125,-0.0330961538412472,1.30586312,0.27467611538697545,-2.3259605588561536,0.44415947789315824,0.2671677545172304,-0.07985747175248603
2022-07-18,0.0053,-0.008256803704472349,1.3127842,0.33639243061256563,-2.6028259551428916,0.44424305186615487,0.26626617189688817,-0.07498071250270844
2022-07-19,0.0397,0.027018931058327533,1.36490173,0.6972292433003494,-2.2945125796418124,0.4510424699219472,0.27176334235675464,-0.03825744871973591
2022-07-20,-0.0405,0.006373276818782525,1.30962321,0.3460314371937611,-2.3471774771234055,0.45868664791610897,0.27124788620366574,-0.07720802200078591
2022-07-21,-0.0213,0.010183096944078596,1.28172823,0.1731037831049113,-2.338441786419916,0.4607640489963212,0.27134743053678406,-0.09686349509708869
2022-07-22,-0.0086,-0.009277798812035942,1.27070537,0.11190738085232128,-2.625284284280196,0.4610955917920544,0.2705371751442141,-0.10463046708180812
2022-07-26,0.00662,-0.011831033981974715,1.27911744,-0.07760072292305284,-2.8259242295417084,0.45772769456311563,0.2709476184563512,-0.09870312045638607
2022-07-26,0.00662,-0.011831033981974715,1.27911744,-0.14318668574727506,-3.058314078457756,0.45702573293373017,0.2711212946270212,-0.09870312045638607
2022-07-26,0.00662,-0.011831033981974715,1.27911744,-0.20897854720580755,-3.2911347788642114,0.45631478099083095,0.27123492798148635,-0.09870312045638607
2022-07-26,0.00662,-0.011831033981974715,1.27911744,0.09606784253952348,-3.5585496080314027,0.45301319202724105,0.2710139292548228,-0.09870312045638607
2022-07-26,0.00662,-0.011831033981974715,1.27911744,0.4057712220734413,-3.82748700326889,0.44951438169507996,0.27071609069712305,-0.09870312045638607
2022-07-27,-0.0393,0.025966416977679208,1.22884813,0.1731908823862036,-3.436210610398225,0.4557590960474705,0.276800879323453,-0.13412408402311737
2022-07-28,0.045700000000000005,0.012542354397238498,1.28500648,0.6802019106175888,-3.306158350275252,0.4637838192979673,0.2782160051480288,-0.09455356138579163
2022-07-28,0.045700000000000005,0.012542354397238498,1.28500648,1.1714931541659035,-3.177664530179385,0.47119350039481955,0.27960982358694425,-0.09455356138579163
2022-07-28,0.045700000000000005,0.012542354397238498,1.28500648,1.454776285241964,-2.9316470744041627,0.4789739611985121,0.2814509806683656,-0.09455356138579163
2022-07-29,-0.0196,0.01457874214628263,1.25982036,1.2152222131333774,-2.762012884780169,0.4808996689528575,0.2833553836916108,-0.11230030664462498
2022-08-01,0.0021,-0.0029611937245951347,1.26246598,1.0990301702016139,-2.6815787404702247,0.4800595782581778,0.2831174509037128,-0.11043613923052253
2022-08-02,0.01965,-0.006597342441964971,1.28727344,1.3254350951835385,-2.9967441581090086,0.48089865910162627,0.281038108161309,-0.0929562069051505
2022-08-02,0.01965,-0.006597342441964971,1.28727344,1.8100775970058836,-3.131327421200942,0.47555970054757946,0.28084042947636556,-0.0929562069051505
2022-08-04,0.00966667,-0.0006755474149987561,1.29971708,1.8295911482063345,-2.9872511735672944,0.47566181157641607,0.2804694773462266,-0.08418811919761049
2022-08-04,0.00966667,-0.0006755474149987561,1.29971708,1.665658353207618,-2.8281769230101585,0.4726859613700517,0.27993259378088037,-0.08418811919761049
2022-08-04,0.00966667,-0.0006755474149987561,1.29971708,2.059937261931461,-2.801572902780999,0.466810333387714,0.2799734477267637,-0.08418811919761049
2022-08-05,-0.0031,-0.0016899714533840093,1.29568796,2.3545729642041144,-2.789755483168211,0.46072048583411845,0.27998541393167986,-0.08702713395086636
2022-08-09,-0.0227,-0.00397104323236952,1.26627584,2.5582766082679806,-2.776131261119257,0.4543683807463552,0.2799662867505905,-0.10775162034107788
2022-08-16,-0.0069,0.0019586955517416627,1.25753854,2.928426024924048,-2.676122356668425,0.4450172170675883,0.280120421507691,-0.11390813183828363
2022-09-27,-0.0547,-0.0025526385692372644,1.18875118,2.589610991619734,-3.131553522252959,0.4570570652620259,0.2743651550672609,-0.16237735833873956
2022-10-18,-0.0017000000000000001,0.011749723872073403,1.1867303,2.867768217096314,-3.048405474082993,0.4518728788033284,0.27529725233598773,-0.1638013189392079
2022-10-18,-0.0017000000000000001,0.011749723872073403,1.1867303,3.153610185148318,-2.965914856935513,0.44651471720617036,0.27622038184675934,-0.1638013189392079
2022-10-19,-0.01565,-0.007086515044077091,1.16815797,3.3072207037041013,-3.1738726250308065,0.4428491991355889,0.27556858027674896,-0.17688782886503174
2022-10-19,-0.01565,-0.007086515044077091,1.16815797,2.6540368997644985,-2.9668876818510816,0.42682151107262944,0.2726580499618332,-0.17688782886503174
2022-10-21,0.0087,0.024301564036909307,1.17832095,2.6567763190004507,-2.6857984159252473,0.42683308786290314,0.2772550942210125,-0.1697267489872809
2022-10-25,-0.0048,0.01596882456779647,1.17266501,2.5311408456218847,-2.5584681308096653,0.4271591768076251,0.27895119162312787,-0.17371206019755248
2022-10-25,-0.0048,0.01596882456779647,1.17266501,2.6028586289617825,-2.5361577242319067,0.42630054035727355,0.27930294702558045,-0.17371206019755248
2022-10-25,-0.0048,0.01596882456779647,1.17266501,2.674924856985991,-2.5139111040799715,0.42543252646067137,0.2796538501457706,-0.17371206019755248
2022-10-26,-0.0475,-0.007534102944748988,1.11696342,2.2362919366889122,-2.3776896072247045,0.4373758291362397,0.27812711795127626,-0.2129607387650324
2022-10-26,-0.0475,-0.007534102944748988,1.11696342,1.8231980871922775,-2.240238149391794,0.4487718837287872,0.27656657693658976,-0.2129607387650324
2022-10-27,-0.0005833300000000001,-0.00533990896337555,1.11631186,1.8870163436684053,-2.070587234669089,0.4483091642732783,0.27483665006050434,-0.21341984359502786
2022-10-27,-0.0005833300000000001,-0.00533990896337555,1.11631186,1.9509987993965996,-1.8991251730912548,0.4478390249497982,0.2730581055512259,-0.21341984359502786
2022-10-27,-0.0005833300000000001,-0.00533990896337555,1.11631186,1.9384612718509653,-1.681281898015834,0.44788105525110017,0.2703209277182779,-0.21341984359502786
2022-10-27,-0.0005833300000000001,-0.00533990896337555,1.11631186,2.5225970519286673,-1.5422116636604846,0.4315658575624089,0.26904494564312786,-0.21341984359502786
2022-10-27,-0.0005833300000000001,-0.00533990896337555,1.11631186,2.418509688283577,-1.9830292461726506,0.4314778828695115,0.2647366267038074,-0.21341984359502786
2022-10-27,-0.0005833300000000001,-0.00533990896337555,1.11631186,1.9026668286662947,-2.069693309899106,0.4145760614079358,0.2647662445830627,-0.21341984359502786
2022-10-31,-0.019,-0.007223122343736121,1.09510193,1.255080232432089,-2.445393146938386,0.40523315311439245,0.262308641251948,-0.22836486985027027
2022-10-31,-0.019,-0.007223122343736121,1.09510193,0.5784203212040675,-2.829929414688809,0.3948687686569369,0.2596921953195095,-0.22836486985027027
2022-11-01,5e-05,-0.00437600432309182,1.09515669,0.015836795633274316,-2.678698593947821,0.37887209880976525,0.2585586089871943,-0.2283262846386388
2022-11-01,5e-05,-0.00437600432309182,1.09515669,-0.5984204587736648,-2.526460075699482,0.3616184520887964,0.2573919883591952,-0.2283262846386388
2022-11-02,0.0166,-0.025096195470693528,1.11333629,-0.6442289833560543,-2.4985786623019712,0.36074111225069894,0.2565134516459935,-0.2155165017063141
2022-11-03,-0.009300000000000001,-0.010296839790935763,1.10298226,-0.9342591978761938,-2.2527507260056625,0.35935766087527543,0.2513652016708923,-0.22281220000411917
2022-11-08,0.0296,0.005395430187963068,1.13563054,-0.7810490274061802,-1.7442655375863334,0.36293050762943313,0.24585600935224372,-0.19980743752784014
2022-11-15,0.0042,0.008528911663733485,1.14040018,-0.9210509559725119,-1.1603888983613206,0.36132619790683135,0.24033258382368855,-0.19644663459128842
2022-12-15,-0.015700000000000002,-0.02446155748137724,1.1224959,-1.3085960908150622,-1.585657015455676,0.3600804276486201,0.24467601442889564,-0.20906242043693768
2023-01-11,0.006999999999999999,0.012647775678948259,1.13035337,-0.8437760716205697,-1.8242919053303164,0.3536481420086832,0.2403229141264925,-0.20352585829600767
2023-01-17,0.0037,-0.001831833220815926,1.13453568,-0.4005509571977019,-2.3369223868534634,0.3465223026080348,0.23397631589941897,-0.20057890218829943
2023-01-18,0.0736,-0.015788151063654388,1.21803751,0.7874437091991419,-2.0553356486399905,0.3703123875312531,0.224836717549669,-0.1417415066046841
2023-01-19,0.017,-0.00727956216754877,1.23874414,0.7603656910264035,-2.2951496592543443,0.3698222622596413,0.22452172669528464,-0.12715111762142994
2023-01-24,-0.0052,-0.0010735025017535316,1.23230267,0.4944228015631552,-2.4278747112483194,0.3681063240299451,0.22393361863141698,-0.13168993214238112
2023-01-25,0.022400000000000003,0.00037497624580362654,1.25990625,0.523958173989671,-2.534968570757356,0.36873202784275805,0.22337975561874493,-0.11223978648708266
2023-01-31,0.01746,0.01470336743136924,1.28190422,0.8706527762749027,-1.6957961852655912,0.36888813629486633,0.21540072865000082,-0.0967394883148569
2023-01-31,0.01746,0.01470336743136924,1.28190422,1.2176448372329831,-0.7962657553398753,0.3688651947317055,0.20632660259148985,-0.0967394883148569
2023-01-31,0.01746,0.01470336743136924,1.28190422,1.565440129068139,0.1872097839044579,0.3686631697269335,0.19600534258605323,-0.0967394883148569
2023-01-31,0.01746,0.01470336743136924,1.28190422,1.6177780192551128,0.4354265483416049,0.36937089816261676,0.19811744556557123,-0.0967394883148569
2023-01-31,0.01746,0.01470336743136924,1.28190422,1.6699423788605257,0.6786500120637503,0.37007272096519195,0.20015777018114986,-0.0967394883148569
2023-02-01,0.024399999999999998,0.010627517721209623,1.31318268,1.4886588312725795,0.4874523655503848,0.3632800938934392,0.19707748580486328,-0.07469993392106355
2023-02-02,0.0382,0.014557083806587823,1.36334626,2.0147537564541307,1.5333582224012996,0.3690774208103229,0.18696142431394322,-0.03935347025253877
2023-02-02,0.0382,0.014557083806587823,1.36334626,2.329307527761978,2.011706256531636,0.37573403664775046,0.18786758059771455,-0.03935347025253877
2023-02-07,0.0034000000000000002,0.01307848215597196,1.36798163,1.9812628255705125,1.7686932223412293,0.3684519340788589,0.18215289548743777,-0.03608727718387872
2023-02-08,-0.0182,-0.010934615045778195,1.34308437,2.2731093760234695,1.3786533192708037,0.3603874624955759,0.18346963713401424,-0.05363048474673249
2023-02-08,-0.0182,-0.010934615045778195,1.34308437,2.3126885839641886,0.9154210335629752,0.3595815388920851,0.18403572791535794,-0.05363048474673249
2023-02-09,0.0338,-0.008669328737888282,1.38848062,2.75166796149645,0.9293009263532268,0.3638520831763123,0.1839060434686595,-0.021643196333260617
2023-02-10,0.0178,0.002333925403533943,1.41319558,2.8665689350737873,1.2492274730380257,0.3648682950556978,0.18216369637308627,-0.004228441730238952
2023-02-13,0.0005,0.011738727189433584,1.41390217,2.7991928179106242,1.772602928959087,0.36490523749000764,0.18156516246649976,-0.0037305614401251797
2023-02-15,0.013300000000000001,0.0032472777471674874,1.43270707,2.8689949714737506,2.127407152999274,0.3653405218279554,0.17963471879975818,0.0
2023-02-21,0.0172,-0.020060907166597364,1.45734963,2.9774866341673643,1.9100086303854056,0.36624181868240235,0.18284560991363605,0.0
2023-02-28,0.08380000000000001,-0.0036958915782159263,1.57947553,3.504593878778533,2.1072673254447474,0.39924743590765727,0.181171727938024,0.0
2023-03-16,0.0074,0.017545172378967466,1.59116365,4.080169790441937,1.963366858009297,0.38870934335019797,0.17729355202432986,0.0
2023-04-18,0.01295,0.0006523552014696676,1.61176922,3.8224120678166833,1.7091228595105954,0.3806497295910535,0.17584007242539484,0.0
2023-04-18,0.01295,0.0006523552014696676,1.61176922,3.5569420582274756,1.451176857067859,0.37222988126486006,0.1743221643765067,0.0
2023-04-19,-0.0291,-0.0001690500581109644,1.56486674,2.7753923395973947,1.1700592826270022,0.36924513531973646,0.17274908698810168,-0.02909999733088342
2023-04-24,0.0481,0.001043173487775384,1.64013683,3.4424043986695962,0.8681081866539602,0.3763648804599243,0.17046769105142356,0.0
2023-04-25,0.011924999999999998,-0.015873852746173256,1.65969546,3.5450326016274487,0.5552710198557018,0.37655510400304243,0.17348962692211195,0.0
2023-04-25,0.011924999999999998,-0.015873852746173256,1.65969546,3.4710926457274103,0.33655812983140826,0.37567424816652534,0.17598065715501232,0.0
2023-04-25,0.011924999999999998,-0.015873852746173256,1.65969546,3.3969170047700654,0.1239964159936663,0.3747810494669932,0.1784057987844585,0.0
2023-04-25,0.011924999999999998,-0.015873852746173256,1.65969546,3.419740553396778,-0.21337540239677977,0.3749212608326312,0.18123711190958527,0.0
2023-04-26,0.0195,-0.004235580626599789,1.69205952,3.5152511881809345,-0.29165523938345644,0.375923849892454,0.18141856337364123,0.0
2023-04-26,0.0195,-0.004235580626599789,1.69205952,3.6104378048991603,-0.36978818255704093,0.37690722110029734,0.18159533090376098,0.0
2023-04-27,0.00212,0.019908051530043158,1.69564669,3.669087827762175,0.10344711772255638,0.37657318245300897,0.1859914996333161,0.0
2023-04-27,0.00212,0.019908051530043158,1.69564669,3.9781838926327837,0.6040826229481614,0.3722703927142726,0.18996848981941478,0.0
2023-04-27,0.00212,0.019908051530043158,1.69564669,4.084121732444592,0.9621292199175465,0.3714483013443286,0.19389712281766755,0.0
2023-04-27,0.00212,0.019908051530043158,1.69564669,4.9768326694957,1.3993604232842254,0.3504879902214497,0.19751655350467323,0.0
2023-04-27,0.00212,0.019908051530043158,1.69564669,5.024712790677934,1.5454306213654159,0.350189185591759,0.19996378632434897,0.0
2023-05-01,-0.0252,-0.0010098011094392678,1.65291639,4.683012099329743,1.2973564903766703,0.3556685408176479,0.19885980494757044,-0.02520000201221173
2023-05-02,-0.0024,-0.011239172628129124,1.64894939,4.86473505400581,1.2086006686811792,0.3532772208395683,0.1997197540449449,-0.027539522398973282
2023-05-03,-0.0068000000000000005,-0.0068638617881409125,1.63773654,4.991066836208656,1.2132784224471844,0.35142788857790247,0.1996837962572867,-0.03415225019546975
2023-05-04,-0.0086,-0.007083070140278647,1.623652,4.775774700138691,0.5999451275325972,0.35278047767853715,0.1945736355633814,-0.042458544238363705
2023-05-09,-0.0354,-0.0043855999450475025,1.56617472,4.315815525409117,0.18372100537547886,0.36201734545915115,0.19222519754342493,-0.0763555113005292
2023-05-11,0.0414,-0.0017439252782979198,1.63101435,4.747140277092018,-0.187478758152919,0.36805318107648005,0.1895425016855235,-0.03811663147822375
2023-05-18,0.0098,0.009633186472892463,1.64699829,4.915618907003971,-0.3242160497302627,0.36731897125452684,0.18776906714971037,-0.028690174838250093
2023-06-15,-0.005600000000000001,0.012397711571149106,1.6377751,5.618794112671856,0.0998114895984375,0.3511785697130129,0.1888511325360676,-0.03412950960910377
2023-07-19,0.01505,0.00222377583460287,1.66242362,6.678273928485187,0.3074515962963663,0.3329303505380959,0.18826061944524822,-0.01959315593037836
2023-07-19,0.01505,0.00222377583460287,1.66242362,6.872856393647586,0.468910440573582,0.3326031083834129,0.18795863673303645,-0.01959315593037836
2023-07-20,-0.010549999999999999,-0.006634452383680878,1.64488505,6.717277184326187,0.4409456084368523,0.33437160003474,0.18813566093323955,-0.029936448612416955
2023-07-20,-0.010549999999999999,-0.006634452383680878,1.64488505,6.5638890418515805,0.41303497753994406,0.3361117206481086,0.18831194457407283,-0.029936448612416955
2023-07-25,-0.00065,0.0027300769459310814,1.64381587,6.562948096419247,0.5853614073261348,0.3361192756047484,0.18801950736318726,-0.030566992702943274
2023-07-25,-0.00065,0.0027300769459310814,1.64381587,6.562007213255899,0.7583169845851151,0.33612682953842793,0.18770423182593496,-0.030566992702943274
2023-07-26,0.0129,0.00015380170125345316,1.6650211,6.731288377186907,0.8771702020956812,0.3356861084213891,0.18732299539821937,-0.018061303796724326
2023-07-26,0.0129,0.00015380170125345316,1.6650211,7.213981304366893,1.0384671633233393,0.3309129729175952,0.18664224807100033,-0.018061303796724326
2023-07-26,0.0129,0.00015380170125345316,1.6650211,7.717221756238204,1.2010830839005973,0.325868567657417,0.18594012777639285,-0.018061303796724326
2023-07-27,-0.0106,-0.006630143743980188,1.64737188,7.5400116527988015,1.1506502208897909,0.3278774773620325,0.1862538072093365,-0.02846985181801054
2023-07-27,-0.0106,-0.006630143743980188,1.64737188,7.365728341054065,1.1004004196098056,0.3298519694866068,0.18656520214362582,-0.02846985181801054
2023-07-27,-0.0106,-0.006630143743980188,1.64737188,6.990391912960368,1.5537472642916632,0.3319985529991783,0.17966926799871394,-0.02846985181801054
2023-07-31,-0.0089,0.001903950950616684,1.63271027,6.997101488916824,1.8407115517850368,0.3319088630740321,0.17817229227385092,-0.037116470294881965
2023-08-01,-0.006500000000000001,-0.002861542044086951,1.62209765,6.585067589402761,1.6553953488792295,0.33074831357919826,0.17816644698680642,-0.043375215151689406
2023-08-01,-0.006500000000000001,-0.002861542044086951,1.62209765,6.430892126849625,1.403262993320254,0.33202236297594295,0.17771016126276698,-0.043375215151689406
2023-08-01,-0.006500000000000001,-0.002861542044086951,1.62209765,6.585762964116795,1.9724735576851617,0.32980233449554214,0.17022999029717362,-0.043375215151689406
2023-08-01,-0.006500000000000001,-0.002861542044086951,1.62209765,6.395428456343846,1.6210844890457168,0.33117405885434975,0.1688603435192797,-0.043375215151689406
2023-08-01,-0.006500000000000001,-0.002861542044086951,1.62209765,6.249302282824868,1.5958904901232687,0.3323891061741127,0.16894520649729916,-0.043375215151689406
2023-08-03,0.02475,-0.0028658761671115363,1.66224457,6.135331351545344,1.93968777773131,0.3067153006375148,0.16564890065087126,-0.019698749861623677
2023-08-03,0.02475,-0.0028658761671115363,1.66224457,6.2087184199164165,2.054859865120602,0.30808290385083215,0.16495620832468688,-0.019698749861623677
2023-08-03,0.02475,-0.0028658761671115363,1.66224457,6.581162887915431,2.0096218031491344,0.30885119159295293,0.16510190962673266,-0.019698749861623677
2023-08-03,0.02475,-0.0028658761671115363,1.66224457,6.601366732403515,1.9287416136092224,0.30932988315535087,0.16530414723575124,-0.019698749861623677
2023-08-17,-0.0169,-0.007619698254918372,1.63415263,6.09030042408965,1.400025949251204,0.3127202054707646,0.16395176464650194,-0.03626584497976992
2023-09-28,-0.0006,0.0057975759004467164,1.63317214,5.863766780614621,1.198026691312948,0.31248173205959984,0.16186080010823792,-0.03684408454216359
2023-10-18,-0.0073,-0.013325149653035995,1.62124998,5.535452512258232,0.505681838004405,0.31312345217697385,0.16176078380059444,-0.04387512471716615
2023-10-19,-0.0264,-0.008786413863299702,1.57844899,4.878546088080647,-0.07595616498986962,0.31932464547299105,0.16008752826027672,-0.06911681583856366
2023-10-24,-0.0235,0.007539262640450017,1.54135543,4.303537141970277,-0.2582765889290612,0.3239195931191125,0.1580323406092587,-0.0909925758177843
2023-10-25,-0.02643333,-0.014352101927794014,1.50061227,3.632121680997785,-0.8851538016214964,0.3278157464352654,0.15899443939713137,-0.11502067096300583
2023-10-25,-0.02643333,-0.014352101927794014,1.50061227,2.855157300821827,-1.6191695581127867,0.3264735570722128,0.15833503916994884,-0.11502067096300583
2023-10-25,-0.02643333,-0.014352101927794014,1.50061227,2.077116046386862,-2.3644996695802187,0.3242958144643509,0.15733054359451384,-0.11502067096300583
2023-10-26,-0.01138,-0.01197453307034757,1.4835353,1.8877681004671565,-3.0293337272356258,0.3255061041914723,0.15588248828573265,-0.12509173712361032
2023-10-26,-0.01138,-0.01197453307034757,1.4835353,1.9805514528626242,-3.0509425465128954,0.3240309859521302,0.1561418296428239,-0.12509173712361032
2023-10-26,-0.01138,-0.01197453307034757,1.4835353,2.074286653904237,-3.072496914726123,0.3225398180819069,0.15640029486857004,-0.12509173712361032
2023-10-26,-0.01138,-0.01197453307034757,1.4835353,1.5383824004073214,-3.142583701924194,0.3174243542247404,0.15711920114441075,-0.12509173712361032
2023-10-26,-0.01138,-0.01197453307034757,1.4835353,1.172750512255511,-3.484374285029173,0.31686197201936356,0.15813286105303906,-0.12509173712361032
2023-10-31,-0.002425,0.006280393905699677,1.47993773,1.135501400252911,-3.6591149552924818,0.3169525285656532,0.15654807646250857,-0.12721338783140013
2023-10-31,-0.002425,0.006280393905699677,1.47993773,0.9395233961613223,-3.5690464101196313,0.3161177690874694,0.15709937017975437,-0.12721338783140013
2023-10-31,-0.002425,0.006280393905699677,1.47993773,0.6947367706200493,-2.9616563735393298,0.31450766569472016,0.15374158290307563,-0.12721338783140013
2023-10-31,-0.002425,0.006280393905699677,1.47993773,-0.47596797457465867,-2.688205480167274,0.26556400168090194,0.15453602784910883,-0.12721338783140013
2023-11-01,-0.009725000000000001,0.010664691969085593,1.46554534,-0.7335295771433552,-2.9208797819643797,0.26570156960679786,0.15164832230407285,-0.1357012350255583
2023-11-01,-0.009725000000000001,0.010664691969085593,1.46554534,-1.078508727168834,-2.622950692114061,0.264810059302646,0.1536045541106193,-0.1357012350255583
2023-11-01,-0.009725000000000001,0.010664691969085593,1.46554534,-1.4265143452452864,-2.3335076206215137,0.26378981834584786,0.15549459587760628,-0.1357012350255583
2023-11-01,-0.009725000000000001,0.010664691969085593,1.46554534,-1.156623714043746,-2.0305481863648103,0.25833808901889665,0.1573530037270766,-0.1357012350255583
2023-11-02,0.0184,0.019164332912581017,1.49251137,-1.728518010662122,-1.5199531239733521,0.2415942196865136,0.1625235770377475,-0.11979814025998547
2023-11-02,0.0184,0.019164332912581017,1.49251137,-1.6091924489401739,-0.6494317217408965,0.24341399330948676,0.16456768652497553,-0.11979814025998547
2023-11-07,0.0070999999999999995,0.0028459589233238436,1.5031082,-1.6947220123271147,-0.19792584260516397,0.24251762649594302,0.16165766381841737,-0.11354870748457624
2023-11-07,0.0070999999999999995,0.0028459589233238436,1.5031082,-1.78095650211085,0.27046699285826864,0.2416117179111304,0.1585517585712116,-0.11354870748457624
2023-11-16,0.0038,0.0012231699046711952,1.50882001,-1.9259960128581926,0.7170867213093266,0.24029123472234065,0.15517106181153936,-0.11018019325712247
2023-12-14,-0.0296,0.0032094162684701555,1.46415894,-2.7169482569638403,0.9101641606822792,0.24262514323207932,0.154973247277797,-0.13651885818265608
2024-01-09,0.0473,-0.0015171278461343363,1.53341366,-2.117800548125618,0.9818930712425396,0.25875900376218774,0.15472652889424243,-0.09567619891381973
2024-01-18,0.2181,0.00889273268181845,1.86785118,0.6182805783503099,0.7159635756014999,0.5109654921442536,0.1506551938415963,0.0
2024-01-23,0.0132,0.0029165732657525645,1.89250681,0.7042512117393609,0.2742699784134903,0.511522073366801,0.14546877656603768,0.0
2024-01-24,0.0296,0.0010930404347999634,1.94852501,0.9136132517981047,-0.2528687709929122,0.5146160468608203,0.139844576431939,0.0
2024-01-25,-0.0132,0.005439014424125199,1.92280448,0.7931768784001646,-0.694267678966168,0.5154966705846363,0.13429758783367501,-0.013199999932256512
2024-01-30,0.0032500000000000003,-0.0007734832232075828,1.9290536,0.8019305196877671,-1.3766750299931512,0.5155060567603261,0.12781855541457665,-0.009992897140180923
2024-01-30,0.0032500000000000003,-0.0007734832232075828,1.9290536,1.0284472530713376,-1.3692953308101687,0.512617480795032,0.12781708819569512,-0.009992897140180923
2024-01-30,0.0032500000000000003,-0.0007734832232075828,1.9290536,1.0726952018962324,-1.0567239211243997,0.5125407842116786,0.1260088673896455,-0.009992897140180923
2024-01-30,0.0032500000000000003,-0.0007734832232075828,1.9290536,1.1518511816841392,-0.8679214820830121,0.5122189822624064,0.12535128168920204,-0.009992897140180923
2024-02-01,0.051399999999999994,0.013088120238723633,2.02820695,1.5931173753079826,-0.2205166544474658,0.5209911415595123,0.12747476483861236,0.0
2024-02-06,0.01103333,0.002903178592849054,2.05058484,1.9714589229092028,0.008206467553839329,0.5152191345184728,0.12731488622156042,0.0
2024-02-06,0.01103333,0.002903178592849054,2.05058484,1.754089284983124,0.15411324546483957,0.5098182217153238,0.12739476680455172,0.0
2024-02-06,0.01103333,0.002903178592849054,2.05058484,1.7635326601088297,-0.05781026922647652,0.5098856518736145,0.12604699217263765,0.0
2024-02-07,0.0452,0.008340520755987901,2.14327127,2.1353762777555834,-0.18861505765151948,0.5162556180303233,0.12467495493800594,0.0
2024-02-08,-0.0031,0.00044168557438917233,2.13662713,1.995712132321557,-0.2459557442037674,0.5160062833320865,0.12459125503814109,-0.0030999995628179233
2024-02-08,-0.0031,0.00044168557438917233,2.13662713,1.8560616837666186,-0.3033776719328391,0.5157156189214013,0.12450585323037251,-0.0030999995628179233
2024-02-08,-0.0031,0.00044168557438917233,2.13662713,1.9161774173512707,-0.07646976602530417,0.515088003366791,0.12381029202611979,-0.0030999995628179233
2024-02-12,0.022099999999999998,-0.0004390162232666972,2.18384659,2.167992847471404,0.1244165836539481,0.5154998556860972,0.12308648999307902,0.0
2024-02-14,-0.015600000000000001,0.00908754364812836,2.14977858,2.046176150520353,0.3277927655191812,0.5169642895754581,0.12429764068511666,-0.015600001463472735
2024-02-20,0.0074,-0.005505422023659223,2.16568695,2.10869172867679,0.06256681458070429,0.5169081782684177,0.12469663929045166,-0.008315437578424345
2024-02-27,-0.03245,0.0018578705193337264,2.0954104,1.7413304740464155,0.1171795091827495,0.5217849302830159,0.12475002569643592,-0.04049560550862685
2024-02-27,-0.03245,0.0018578705193337264,2.0954104,1.3815521256944945,0.17174757829753287,0.5263645044405709,0.12480188813394609,-0.04049560550862685
2024-03-15,0.0005,-0.006866417967070215,2.09645811,1.2882380907855135,-0.052928784945555175,0.5259897256933521,0.1255735726064119,-0.04001585111342454
2024-04-18,-0.01325,-0.0020578514110249913,2.06868004,1.2673657936960065,0.09319571234199621,0.5262884664535834,0.12492755750142458,-0.05273564110563278
2024-04-18,-0.01325,-0.0020578514110249913,2.06868004,1.246519616786166,0.24086686161721285,0.5265861773538393,0.12426733110293803,-0.05273564110563278
2024-04-22,0.0203,0.009209207528225516,2.11067424,1.479899066239139,0.7474650072728665,0.527062971924302,0.12480756453536396,-0.03350617682352863
2024-04-23,0.0269,0.011866483095195557,2.16745138,1.7464591563777137,1.049345923499864,0.528612419379326,0.12687847994624368,-0.007507491632001373
2024-04-24,0.0098,-0.0004746073624046776,2.1886924,1.8707516380775808,1.1261014423420617,0.5283437843281528,0.12670897050040086,0.0
2024-04-24,0.0098,-0.0004746073624046776,2.1886924,1.9952937441666014,1.2030923786984182,0.5280425516695387,0.12653632909686088,0.0
2024-04-24,0.0098,-0.0004746073624046776,2.1886924,2.1201092060327458,1.280325552428964,0.5277086655802765,0.12636054289841528,0.0
2024-04-25,-0.00872,-0.0037989091774335293,2.16960701,2.1024622240445416,1.2494712673148232,0.5279143602708011,0.12648002998730198,-0.00871999646912458
2024-04-25,-0.00872,-0.0037989091774335293,2.16960701,2.084831681513634,1.2186806199174842,0.5281193727834279,0.12659895652998168,-0.00871999646912458
2024-04-25,-0.00872,-0.0037989091774335293,2.16960701,1.8348322507963757,1.1880943313031802,0.5271108569081571,0.12671684294498894,-0.00871999646912458
2024-04-25,-0.00872,-0.0037989091774335293,2.16960701,1.5842939108592442,1.1575699409007196,0.5259630137365542,0.126834176972535,-0.00871999646912458
2024-04-25,-0.00872,-0.0037989091774335293,2.16960701,1.3330158571612087,1.1271068650321272,0.5246749288410136,0.12695096014424703,-0.00871999646912458
2024-04-30,0.01394,-0.015841337066801908,2.19985133,1.2539407545630588,0.6962512337572689,0.5232783108868981,0.1309663102644194,0.0
2024-04-30,0.01394,-0.015841337066801908,2.19985133,1.492645956091424,0.43506648782691804,0.5222403858187618,0.13399997813184394,0.0
2024-04-30,0.01394,-0.015841337066801908,2.19985133,1.6028106197687397,-0.2058108874857372,0.5226319252369714,0.1372947386772605,0.0
2024-04-30,0.01394,-0.015841337066801908,2.19985133,1.7654688133470506,-0.27695546594682924,0.5226033974799135,0.1383670170160501,0.0
2024-04-30,0.01394,-0.015841337066801908,2.19985133,2.087064620137062,-0.4724143527069965,0.5193897637576795,0.14085345650925296,0.0
2024-05-01,0.0026,-0.003247088879140936,2.20557094,2.3016491014954696,-0.7830590742433632,0.5163254464930604,0.14007449012414697,0.0
2024-05-01,0.0026,-0.003247088879140936,2.20557094,2.545644871582728,-0.47527475890979876,0.5124569159518783,0.13732382615231647,0.0
2024-05-02,0.0571,0.009353343578700324,2.33150904,3.159126999098839,0.217944187302782,0.5187086940371312,0.13560918519842888,0.0
2024-05-03,-0.0111,0.012395235522349779,2.30562929,3.296816458770227,1.0147750321335836,0.515648954456546,0.13455650674844816,-0.01109999985245591
2024-05-07,0.0146,0.0011035533801586617,2.33929148,3.5057946833975575,1.4293013197206832,0.5145537953328669,0.13213234092470505,0.0
2024-05-09,0.0441,0.005761867819991107,2.44245423,3.9080275711394328,1.9995025240411126,0.518379137076902,0.1299335858290104,0.0
2024-05-16,0.0064,-0.002057426680129537,2.45808594,4.0568827007238655,2.350858856948789,0.5168894727042123,0.12738789378975238,0.0
2024-06-20,-0.0197,-0.002716758492435023,2.40966165,3.9805269909965255,2.695909721320268,0.5184439057109264,0.12481948265335312,-0.01969999877221551
2024-07-18,-0.014450000000000001,-0.0076848123633745935,2.37484204,3.952974184283088,2.869571810024421,0.5189510136839008,0.12324519577721367,-0.033865333447210655
2024-07-18,-0.014450000000000001,-0.0076848123633745935,2.37484204,3.8487913452393534,2.398508964400614,0.5205010561245211,0.12416051758278757,-0.033865333447210655
2024-07-22,-0.0039000000000000003,0.010309809655272728,2.36558015,3.83651383453261,2.5095130403957184,0.5206288954366136,0.12509111225647482,-0.03763326110559018
2024-07-23,0.0196,-0.0015686337077934764,2.41194552,4.005088775520631,2.263945348537024,0.5207125426898688,0.12479173455923878,-0.018770873405671074
2024-07-24,0.0092,-0.02266248082266531,2.43413542,4.097947752843123,1.2530215245218872,0.5202604055946871,0.13307845461108272,-0.009743564946309458
2024-07-24,0.0092,-0.02266248082266531,2.43413542,4.254192698506352,0.23983207010735916,0.5189468640607474,0.13943705233341888,-0.009743564946309458
2024-07-24,0.0092,-0.02266248082266531,2.43413542,4.411639491035997,-0.6886216430029818,0.5175853477238194,0.14502479739193902,-0.009743564946309458
2024-07-24,0.0092,-0.02266248082266531,2.43413542,4.570344902703927,-1.5552535681237316,0.5161754769545508,0.14992790256351587,-0.009743564946309458
2024-07-24,0.0092,-0.02266248082266531,2.43413542,4.730367655830883,-2.3765034136781122,0.5147168544074469,0.1542116853192359,-0.009743564946309458
2024-07-25,0.0438,-0.00521027699214216,2.54075055,4.887477890301107,-3.1230445799370483,0.5189588611814135,0.14856753540753623,0.0
2024-07-25,0.0438,-0.00521027699214216,2.54075055,5.043138957303743,-3.942117009536882,0.5230869072484128,0.14243145864763837,0.0
2024-07-30,-0.005540000000000001,-0.00506634976860687,2.5266748,4.937601037999682,-4.172140174584295,0.5240277495259564,0.14216461714516238,-0.005539996832825578
2024-07-30,-0.005540000000000001,-0.00506634976860687,2.5266748,4.832637683063767,-4.403927544140399,0.5249472702848446,0.14186880667343055,-0.005539996832825578
2024-07-30,-0.005540000000000001,-0.00506634976860687,2.5266748,4.754359183204476,-4.584800656688657,0.5257322519573088,0.14175927651475603,-0.005539996832825578
2024-07-30,-0.005540000000000001,-0.00506634976860687,2.5266748,4.98649470465976,-4.832219016758909,0.52055805004151,0.1413514341622295,-0.005539996832825578
2024-07-30,-0.005540000000000001,-0.00506634976860687,2.5266748,4.620927463851881,-4.930687228145827,0.5160003005137909,0.14140786945777437,-0.005539996832825578
2024-08-01,-0.0096,-0.014160914265491042,2.50241872,4.982804948234095,-5.591082201638756,0.2957370347242357,0.14119852565440882,-0.01508681361891262
2024-08-06,0.023250000000000003,0.009219706907453773,2.56059995,5.089587414465841,-5.34997699445484,0.29743078106830695,0.14284921783950014,0.0
2024-08-06,0.023250000000000003,0.009219706907453773,2.56059995,5.034342836659177,-5.0563520891782625,0.29564930484307494,0.14471566661519739,0.0
2024-08-07,0.0362,-0.0066842344469169035,2.65329367,5.635760241716342,-5.421856002265679,0.29916105151530314,0.14390392485243184,0.0
2024-08-08,0.0086,0.023117498918455937,2.676112,5.7084143137140595,-4.471715543727734,0.2991023191673549,0.15310956688746374,0.0
2024-08-08,0.0086,0.023117498918455937,2.676112,5.781216527058921,-3.646212318271841,0.2990374001576261,0.16156450863416746,0.0
2024-08-15,-0.0103,0.017140014145239357,2.64854804,5.56485415065828,-3.1138353149039744,0.30092432158386534,0.16617594052805842,-0.010300002391529062
2024-09-26,-0.0429,0.00396474810656211,2.53492533,4.703605217289037,-2.9922550763066003,0.3167782777608989,0.16659394806671032,-0.052758131946644915
2024-10-17,0.04315,8.578340628839776e-05,2.64430736,4.664456725395165,-3.360379699233884,0.31236219902470325,0.1638210510079617,-0.011884644588866178
2024-10-17,0.04315,8.578340628839776e-05,2.64430736,4.938522142716064,-3.434600458875478,0.32104070695287656,0.16356211489137368,-0.011884644588866178
2024-10-22,0.0239,-0.0005311986598890428,2.70750631,5.070425529175416,-3.524927330115759,0.32283943637097623,0.16326805348710788,0.0
2024-10-23,0.0033,-0.009137212519646942,2.71644108,4.975708057344834,-3.814749011770041,0.32276813299552853,0.16348902284192737,0.0
2024-10-23,0.0033,-0.009137212519646942,2.71644108,4.595339855387873,-4.267567682045473,0.3130127575468716,0.16252361370671778,0.0
2024-10-24,0.00926667,0.002162511712530124,2.74161343,4.760027550967484,-4.220701400336405,0.3125752244223016,0.1626974172626226,0.0
2024-10-24,0.00926667,0.002162511712530124,2.74161343,4.925685471643192,-4.173969956981437,0.31210546610219325,0.1628698623433641,0.0
2024-10-24,0.00926667,0.002162511712530124,2.74161343,5.092371782909037,-4.127371646898735,0.3116033368430799,0.1630409532594365,0.0
2024-10-29,-0.00131111,0.0016182856761448594,2.73801887,4.812089843437081,-4.072744879967458,0.31029254410875656,0.16320722749862124,-0.0013111111729563474
2024-10-29,-0.00131111,0.0016182856761448594,2.73801887,5.040552471053389,-4.295398833181021,0.30756770590189125,0.16170289629246082,-0.0013111111729563474
2024-10-29,-0.00131111,0.0016182856761448594,2.73801887,4.921668217978737,-4.1157368872012485,0.3079172859446389,0.16183823687290091,-0.0013111111729563474
2024-10-29,-0.00131111,0.0016182856761448594,2.73801887,5.498748737620868,-4.12233032517227,0.2982537224840691,0.16181186077132031,-0.0013111111729563474
2024-10-29,-0.00131111,0.0016182856761448594,2.73801887,6.12595781314068,-4.128926606938579,0.2880492967507606,0.1617854574795205,-0.0013111111729563474
2024-10-29,-0.00131111,0.0016182856761448594,2.73801887,6.096809940462882,-3.9193596516493874,0.28823817982861044,0.16177680074938502,-0.0013111111729563474
2024-10-29,-0.00131111,0.0016182856761448594,2.73801887,6.315644855731759,-3.823519849649933,0.28581229648494133,0.16198606034125562,-0.0013111111729563474
2024-10-29,-0.00131111,0.0016182856761448594,2.73801887,6.539454518826298,-3.728057108977748,0.28333319157827086,0.16218967442226284,-0.0013111111729563474
2024-10-29,-0.00131111,0.0016182856761448594,2.73801887,6.2501975024398,-3.9519328154355904,0.2826150820530832,0.16068493210733722,-0.0013111111729563474
2024-10-30,0.022949999999999998,-0.0030250180720428066,2.80085641,6.216758450946851,-4.395987555177966,0.28159371058294425,0.15800364584559437,0.0
2024-10-30,0.022949999999999998,-0.0030250180720428066,2.80085641,6.3636836699491965,-4.462456245070089,0.2833579061314962,0.1579362720759769,0.0
2024-11-05,-0.0877,0.012091928752044234,2.5552213,4.145355522631697,-4.073841519689201,0.34091167145606455,0.16066348090061938,-0.08770000101504682
2024-11-06,0.01725,0.02486569341005418,2.59929887,4.224128803056784,-3.258456792889712,0.34160892038987434,0.16976022432089474,-0.07196282511319463
2024-11-06,0.01725,0.02486569341005418,2.59929887,4.535063820110701,-2.4616289872721198,0.34109334319406354,0.1781332394191848,-0.07196282511319463
2024-11-07,-0.0017000000000000001,0.007731954969968813,2.59488006,4.630355669173744,-2.191034353710772,0.3401380352885594,0.17908185168197324,-0.0735404889963639
2024-12-18,-0.0332,-0.029803373957551726,2.50873004,4.244964960606829,-2.643934905001646,0.347951065251868,0.1877475679687751,-0.10429894547860807
