date,ticker,close_to_open_pct,open_to_close_pct,trade_return_pct,n_trades_that_day,avg_daily_return_pct,equity_before,equity_after,cumulative_return_pct
2018-01-09,SYK,-0.24,-0.54,0.54,1,0.54,1.0,1.0054,0.54
2018-01-10,ISRG,-0.42,-0.15,0.15,1,0.15,1.0054,1.0069081,0.69081
2018-01-18,IBM,-2.76,-1.27,1.27,1,1.27,1.0069081,1.01969583,1.969583
2018-01-22,NFLX,12.07,-1.87,-1.87,1,-1.87,1.01969583,1.00062752,0.062752
2018-01-23,VZ,1.11,0.74,0.74,1,0.74,1.00062752,1.00803216,0.803216
2018-01-30,EA,9.14,-2.0,-2.0,2,-0.845,1.00803216,0.99951429,-0.048571
2018-01-30,SMCI,-7.1,-0.31,0.31,2,-0.845,1.00803216,0.99951429,-0.048571
2018-01-31,BXP,-0.1,-3.56,3.56,2,-0.135,0.99951429,0.99816495,-0.183505
2018-01-31,GEN,-3.23,3.83,-3.83,2,-0.135,0.99951429,0.99816495,-0.183505
2018-02-01,EW,5.34,-1.44,-1.44,2,-2.225,0.99816495,0.97595578,-2.404422
2018-02-01,MSCI,0.43,-3.01,-3.01,2,-2.225,0.99816495,0.97595578,-2.404422
2018-02-02,WY,-0.56,-1.94,1.94,1,1.94,0.97595578,0.99488932,-0.511068
2018-02-05,SYY,-1.84,5.71,-5.71,1,-5.71,0.99488932,0.93808114,-6.191886
2018-02-06,CMG,-10.08,-0.52,0.52,2,-1.68,0.93808114,0.92232138,-7.767862
2018-02-06,GILD,-0.88,3.88,-3.88,2,-1.68,0.93808114,0.92232138,-7.767862
2018-02-08,EXPE,-14.65,-0.95,0.95,4,-2.67,0.92232138,0.8976954,-10.23046
2018-02-08,MHK,0.95,-3.68,-3.68,4,-2.67,0.92232138,0.8976954,-10.23046
2018-02-08,RSG,1.66,-2.82,-2.82,4,-2.67,0.92232138,0.8976954,-10.23046
2018-02-08,TRMB,2.01,-5.13,-5.13,4,-2.67,0.92232138,0.8976954,-10.23046
2018-02-12,MOH,-3.05,-0.71,0.71,1,0.71,0.8976954,0.90406903,-9.593097
2018-02-15,GPN,0.3,1.47,1.47,1,1.47,0.90406903,0.91735885,-8.264115
2018-02-20,FE,2.16,-2.24,-2.24,2,-3.005,0.91735885,0.88979221,-11.020779
2018-02-20,WMT,1.06,-3.77,-3.77,2,-3.005,0.91735885,0.88979221,-11.020779
2018-02-22,FSLR,-1.09,-5.75,5.75,1,5.75,0.88979221,0.94095527,-5.904473
2018-03-15,JBL,5.44,4.43,4.43,1,4.43,0.94095527,0.98263959,-1.736041
2018-04-16,NFLX,7.11,1.94,1.94,1,1.94,0.98263959,1.00170279,0.170279
2018-04-17,IBM,-5.45,-2.2,2.2,2,3.005,1.00170279,1.03180396,3.180396
2018-04-17,ISRG,4.2,3.81,3.81,2,3.005,1.00170279,1.03180396,3.180396
2018-04-23,FE,0.72,-1.32,-1.32,1,-1.32,1.03180396,1.01818415,1.818415
2018-04-24,EW,-7.92,4.44,-4.44,3,-0.88,1.01818415,1.00922413,0.922413
2018-04-24,TRMB,-0.39,-1.72,1.72,3,-0.88,1.01818415,1.00922413,0.922413
2018-04-24,VZ,0.79,0.08,0.08,3,-0.88,1.01818415,1.00922413,0.922413
2018-04-25,BXP,0.16,1.74,1.74,2,5.27,1.00922413,1.06241024,6.241024
2018-04-25,CMG,14.38,8.8,8.8,2,5.27,1.00922413,1.06241024,6.241024
2018-04-26,EXPE,9.53,-1.21,-1.21,4,0.76,1.06241024,1.07048456,7.048456
2018-04-26,FSLR,1.23,2.57,2.57,4,0.76,1.06241024,1.07048456,7.048456
2018-04-26,MHK,-2.95,-1.42,1.42,4,0.76,1.06241024,1.07048456,7.048456
2018-04-26,SYK,1.26,0.26,0.26,4,0.76,1.06241024,1.07048456,7.048456
2018-04-30,MOH,0.46,-1.46,-1.46,1,-1.46,1.07048456,1.05485548,5.485548
2018-05-01,GILD,-5.93,-2.02,2.02,1,2.02,1.05485548,1.07616357,7.616357
2018-05-02,RSG,2.58,1.83,1.83,1,1.83,1.07616357,1.09585736,9.585736
2018-05-03,GPN,-0.22,-0.22,0.22,3,0.326667,1.09585736,1.09943716,9.943716
2018-05-03,MSCI,-0.67,2.65,-2.65,3,0.326667,1.09585736,1.09943716,9.943716
2018-05-03,SMCI,13.85,3.41,3.41,3,0.326667,1.09585736,1.09943716,9.943716
2018-05-07,SYY,-0.55,-0.62,0.62,1,0.62,1.09943716,1.10625367,10.625367
2018-05-08,EA,3.31,2.36,2.36,1,2.36,1.10625367,1.13236126,13.236126
2018-05-10,GEN,-31.39,-2.5,2.5,1,2.5,1.13236126,1.16067029,16.067029
2018-05-17,WMT,-0.3,-0.71,0.71,1,0.71,1.16067029,1.16891105,16.891105
2018-06-14,JBL,-0.4,-6.13,6.13,1,6.13,1.16891105,1.24056529,24.056529
2018-07-16,NFLX,-13.37,9.38,-9.38,1,-9.38,1.24056529,1.12420027,12.420027
2018-07-18,IBM,2.3,0.94,0.94,1,0.94,1.12420027,1.13476775,13.476775
2018-07-19,ISRG,2.85,-3.61,-3.61,1,-3.61,1.13476775,1.09380264,9.380264
2018-07-24,SYK,-2.56,0.88,-0.88,2,-1.195,1.09380264,1.08073169,8.073169
2018-07-24,VZ,0.35,-1.51,-1.51,2,-1.195,1.09380264,1.08073169,8.073169
2018-07-25,GILD,-1.46,0.5,-0.5,2,2.34,1.08073169,1.10602082,10.602082
2018-07-25,MHK,-13.0,-5.18,5.18,2,2.34,1.08073169,1.10602082,10.602082
2018-07-26,CMG,6.06,-0.33,-0.33,6,-0.116667,1.10602082,1.10473046,10.473046
2018-07-26,EA,-4.9,-0.84,0.84,6,-0.116667,1.10602082,1.10473046,10.473046
2018-07-26,EW,-5.3,-3.38,3.38,6,-0.116667,1.10602082,1.10473046,10.473046
2018-07-26,EXPE,9.75,-0.2,-0.2,6,-0.116667,1.10602082,1.10473046,10.473046
2018-07-26,FSLR,-5.72,2.08,-2.08,6,-0.116667,1.10602082,1.10473046,10.473046
2018-07-26,RSG,-0.35,2.31,-2.31,6,-0.116667,1.10602082,1.10473046,10.473046
2018-07-27,WY,0.44,0.41,0.41,1,0.41,1.10473046,1.10925985,10.925985
2018-07-31,FE,1.33,1.56,1.56,2,1.235,1.10925985,1.12295921,12.295921
2018-07-31,MOH,16.09,0.91,0.91,2,1.235,1.10925985,1.12295921,12.295921
2018-08-01,BXP,-0.55,-0.17,0.17,2,5.33,1.12295921,1.18281294,18.281294
2018-08-01,TRMB,4.4,10.49,10.49,2,5.33,1.12295921,1.18281294,18.281294
2018-08-02,GEN,-12.98,5.94,-5.94,3,-3.196667,1.18281294,1.14500235,14.500235
2018-08-02,GPN,0.48,-0.82,-0.82,3,-3.196667,1.18281294,1.14500235,14.500235
2018-08-02,MSCI,0.82,-2.83,-2.83,3,-3.196667,1.18281294,1.14500235,14.500235
2018-08-13,SYY,0.59,1.38,1.38,1,1.38,1.14500235,1.16080338,16.080338
2018-08-16,WMT,-0.88,0.08,-0.08,1,-0.08,1.16080338,1.15987474,15.987474
2018-08-21,SMCI,-22.34,9.82,-9.82,1,-9.82,1.15987474,1.04597504,4.597504
2018-09-25,JBL,0.18,-1.93,-1.93,1,-1.93,1.04597504,1.02578772,2.578772
2018-10-16,IBM,-6.36,-1.35,1.35,2,-1.125,1.02578772,1.01424761,1.424761
2018-10-16,NFLX,9.22,-3.6,-3.6,2,-1.125,1.02578772,1.01424761,1.424761
2018-10-18,ISRG,3.17,-6.42,-6.42,1,-6.42,1.01424761,0.94913292,-5.086708
2018-10-23,EW,-0.86,-4.53,4.53,2,1.895,0.94913292,0.96711898,-3.288102
2018-10-23,VZ,-0.37,0.74,-0.74,2,1.895,0.94913292,0.96711898,-3.288102
2018-10-25,CMG,2.18,1.22,1.22,8,0.6875,0.96711898,0.97376793,-2.623207
2018-10-25,EXPE,4.33,-1.76,-1.76,8,0.6875,0.96711898,0.97376793,-2.623207
2018-10-25,FE,0.45,-3.55,-3.55,8,0.6875,0.96711898,0.97376793,-2.623207
2018-10-25,FSLR,-6.36,-3.36,3.36,8,0.6875,0.96711898,0.97376793,-2.623207
2018-10-25,GILD,-2.67,4.42,-4.42,8,0.6875,0.96711898,0.97376793,-2.623207
2018-10-25,MHK,-17.88,-7.28,7.28,8,0.6875,0.96711898,0.97376793,-2.623207
2018-10-25,RSG,1.14,1.16,1.16,8,0.6875,0.96711898,0.97376793,-2.623207
2018-10-25,SYK,-0.77,-2.21,2.21,8,0.6875,0.96711898,0.97376793,-2.623207
2018-10-26,WY,1.02,-1.23,-1.23,1,-1.23,0.97376793,0.96179058,-3.820942
2018-10-30,EA,-2.98,-1.11,1.11,2,1.595,0.96179058,0.97713114,-2.286886
2018-10-30,GPN,1.12,2.08,2.08,2,1.595,0.96179058,0.97713114,-2.286886
2018-10-31,BXP,-0.05,-0.65,0.65,2,-4.17,0.97713114,0.93638477,-6.361523
2018-10-31,MOH,8.16,-8.99,-8.99,2,-4.17,0.97713114,0.93638477,-6.361523
2018-11-01,GEN,8.92,-4.41,-4.41,3,-2.326667,0.93638477,0.91459822,-8.540178
2018-11-01,MSCI,0.12,-2.28,-2.28,3,-2.326667,0.93638477,0.91459822,-8.540178
2018-11-01,TRMB,0.63,-0.29,-0.29,3,-2.326667,0.93638477,0.91459822,-8.540178
2018-11-15,SMCI,9.26,5.38,5.38,2,3.26,0.91459822,0.94441412,-5.558588
2018-11-15,WMT,-0.72,-1.14,1.14,2,3.26,0.91459822,0.94441412,-5.558588
2018-12-18,JBL,11.39,-4.0,-4.0,1,-4.0,0.94441412,0.90663756,-9.336244
2019-01-03,NFLX,3.94,5.57,5.57,1,5.57,0.90663756,0.95713727,-4.286273
2019-01-09,ISRG,-1.28,1.49,-1.49,1,-1.49,0.95713727,0.94287592,-5.712408
2019-01-22,IBM,7.22,1.16,1.16,1,1.16,0.94287592,0.95381328,-4.618672
2019-01-29,SYK,9.28,1.92,1.92,2,0.115,0.95381328,0.95491017,-4.508983
2019-01-29,VZ,-0.34,1.69,-1.69,2,0.115,0.95381328,0.95491017,-4.508983
2019-01-30,BXP,-0.09,1.17,-1.17,1,-1.17,0.95491017,0.94373772,-5.626228
2019-01-31,EW,-1.69,0.69,-0.69,3,0.77,0.94373772,0.9510045,-4.89955
2019-01-31,GEN,6.95,1.91,1.91,3,0.77,0.94373772,0.9510045,-4.89955
2019-01-31,MSCI,0.42,1.09,1.09,3,0.77,0.94373772,0.9510045,-4.89955
2019-02-01,WY,-0.86,-1.4,1.4,1,1.4,0.9510045,0.96431856,-3.568144
2019-02-04,GILD,-3.28,-0.1,0.1,2,0.01,0.96431856,0.964415,-3.5585
2019-02-04,SYY,-2.01,0.08,-0.08,2,0.01,0.96431856,0.964415,-3.5585
2019-02-05,EA,-14.46,1.35,-1.35,1,-1.35,0.964415,0.95139539,-4.860461
2019-02-06,CMG,8.05,3.05,3.05,2,-2.94,0.95139539,0.92342437,-7.657563
2019-02-06,TRMB,-9.52,8.93,-8.93,2,-2.94,0.95139539,0.92342437,-7.657563
2019-02-07,EXPE,5.58,-3.11,-3.11,3,-0.833333,0.92342437,0.91572917,-8.427083
2019-02-07,MHK,6.19,-0.26,-0.26,3,-0.833333,0.92342437,0.91572917,-8.427083
2019-02-07,RSG,-0.49,-0.87,0.87,3,-0.833333,0.92342437,0.91572917,-8.427083
2019-02-11,MOH,-0.28,-5.35,5.35,1,5.35,0.91572917,0.96472068,-3.527932
2019-02-13,GPN,0.13,-1.11,-1.11,1,-1.11,0.96472068,0.95401228,-4.598772
2019-02-14,SMCI,5.88,15.56,15.56,1,15.56,0.95401228,1.10245659,10.245659
2019-02-19,FE,-1.44,1.43,-1.43,2,0.235,1.10245659,1.10504736,10.504736
2019-02-19,WMT,-0.38,-1.9,1.9,2,0.235,1.10245659,1.10504736,10.504736
2019-02-21,FSLR,-1.81,5.33,-5.33,1,-5.33,1.10504736,1.04614834,4.614834
2019-03-14,JBL,-1.5,0.63,-0.63,1,-0.63,1.04614834,1.0395576,3.95576
2019-04-16,IBM,-5.35,1.27,-1.27,2,-2.045,1.0395576,1.01829865,1.829865
2019-04-16,NFLX,1.56,-2.82,-2.82,2,-2.045,1.0395576,1.01829865,1.829865
2019-04-18,ISRG,-5.33,-1.77,1.77,1,1.77,1.01829865,1.03632253,3.632253
2019-04-23,EW,-1.15,-0.65,0.65,4,-0.1475,1.03632253,1.03479396,3.479396
2019-04-23,FE,0.32,-0.02,-0.02,4,-0.1475,1.03632253,1.03479396,3.479396
2019-04-23,SYK,-1.79,0.77,-0.77,4,-0.1475,1.03632253,1.03479396,3.479396
2019-04-23,VZ,0.33,-0.45,-0.45,4,-0.1475,1.03632253,1.03479396,3.479396
2019-04-24,CMG,0.18,-4.63,-4.63,1,-4.63,1.03479396,0.986883,-1.3117
2019-04-25,MHK,-1.4,-1.46,1.46,2,1.25,0.986883,0.99921904,-0.078096
2019-04-25,RSG,0.31,1.04,1.04,2,1.25,0.986883,0.99921904,-0.078096
2019-04-26,WY,-0.66,-2.68,2.68,1,2.68,0.99921904,1.02599811,2.599811
2019-04-29,MOH,2.93,-2.17,-2.17,1,-2.17,1.02599811,1.00373395,0.373395
2019-05-01,BXP,-0.04,-1.9,1.9,2,2.33,1.00373395,1.02712095,2.712095
2019-05-01,TRMB,1.31,2.76,2.76,2,2.33,1.00373395,1.02712095,2.712095
2019-05-02,EXPE,-2.99,2.18,-2.18,5,0.616,1.02712095,1.03344801,3.344801
2019-05-02,FSLR,2.56,0.6,0.6,5,0.616,1.02712095,1.03344801,3.344801
2019-05-02,GILD,1.03,1.76,1.76,5,0.616,1.02712095,1.03344801,3.344801
2019-05-02,GPN,0.69,0.4,0.4,5,0.616,1.02712095,1.03344801,3.344801
2019-05-02,MSCI,0.05,2.5,2.5,5,0.616,1.02712095,1.03344801,3.344801
2019-05-06,SYY,-0.16,0.1,-0.1,1,-0.1,1.03344801,1.03241457,3.241457
2019-05-07,EA,6.88,-5.28,-5.28,1,-5.28,1.03241457,0.97790308,-2.209692
2019-05-09,GEN,-14.43,2.21,-2.21,1,-2.21,0.97790308,0.95629142,-4.370858
2019-05-16,WMT,-1.06,0.62,-0.62,1,-0.62,0.95629142,0.95036241,-4.963759
2019-05-17,SMCI,0.25,0.25,0.25,1,0.25,0.95036241,0.95273832,-4.726168
2019-06-18,JBL,5.42,4.58,4.58,1,4.58,0.95273832,0.99637373,-0.362627
2019-07-17,IBM,-0.4,5.0,-5.0,2,-2.725,0.99637373,0.96922255,-3.077745
2019-07-17,NFLX,-10.67,0.45,-0.45,2,-2.725,0.99637373,0.96922255,-3.077745
2019-07-18,ISRG,-0.63,-0.83,0.83,1,0.83,0.96922255,0.9772671,-2.27329
2019-07-23,CMG,2.83,2.3,2.3,3,-0.163333,0.9772671,0.97567089,-2.432911
2019-07-23,EW,11.61,-1.5,-1.5,3,-0.163333,0.9772671,0.97567089,-2.432911
2019-07-23,FE,2.01,-1.29,-1.29,3,-0.163333,0.9772671,0.97567089,-2.432911
2019-07-25,EXPE,2.0,-1.11,-1.11,4,-0.76,0.97567089,0.96825579,-3.174421
2019-07-25,MHK,-11.74,-6.64,6.64,4,-0.76,0.97567089,0.96825579,-3.174421
2019-07-25,RSG,-1.7,5.47,-5.47,4,-0.76,0.97567089,0.96825579,-3.174421
2019-07-25,SYK,4.07,-3.1,-3.1,4,-0.76,0.97567089,0.96825579,-3.174421
2019-07-26,WY,0.19,-1.6,-1.6,1,-1.6,0.96825579,0.9527637,-4.72363
2019-07-30,BXP,1.12,-1.15,-1.15,5,-2.016,0.9527637,0.93355598,-6.644402
2019-07-30,EA,6.13,-1.6,-1.6,5,-2.016,0.9527637,0.93355598,-6.644402
2019-07-30,GILD,-2.15,-0.2,0.2,5,-2.016,0.9527637,0.93355598,-6.644402
2019-07-30,GPN,-0.05,0.38,-0.38,5,-2.016,0.9527637,0.93355598,-6.644402
2019-07-30,MOH,4.0,-7.15,-7.15,5,-2.016,0.9527637,0.93355598,-6.644402
2019-07-31,TRMB,-3.36,-6.64,6.64,1,6.64,0.93355598,0.9955441,-0.44559
2019-08-01,FSLR,0.63,-0.92,-0.92,3,0.053333,0.9955441,0.99607506,-0.392494
2019-08-01,MSCI,-0.34,-1.95,1.95,3,0.053333,0.9955441,0.99607506,-0.392494
2019-08-01,VZ,-0.27,0.87,-0.87,3,0.053333,0.9955441,0.99607506,-0.392494
2019-08-08,GEN,0.22,0.09,0.09,1,0.09,0.99607506,0.99697153,-0.302847
2019-08-12,SYY,-1.5,3.16,-3.16,1,-3.16,0.99697153,0.96546723,-3.453277
2019-08-15,SMCI,3.43,14.2,14.2,2,6.62,0.96546723,1.02938116,2.938116
2019-08-15,WMT,1.23,-0.96,-0.96,2,6.62,0.96546723,1.02938116,2.938116
2019-09-24,JBL,1.07,6.72,6.72,1,6.72,1.02938116,1.09855557,9.855557
2019-10-16,IBM,-5.0,-0.55,0.55,2,-1.555,1.09855557,1.08147303,8.147303
2019-10-16,NFLX,6.36,-3.66,-3.66,2,-1.555,1.09855557,1.08147303,8.147303
2019-10-17,ISRG,3.32,3.52,3.52,1,3.52,1.08147303,1.11954088,11.954088
2019-10-22,CMG,-2.0,-3.22,3.22,1,3.22,1.11954088,1.1555901,15.55901
2019-10-23,EW,4.6,-2.83,-2.83,1,-2.83,1.1555901,1.1228869,12.28869
2019-10-24,FSLR,-3.38,-2.48,2.48,2,0.985,1.1228869,1.13394733,13.394733
2019-10-24,GILD,-4.55,0.51,-0.51,2,0.985,1.1228869,1.13394733,13.394733
2019-10-25,MHK,1.14,-0.4,-0.4,3,-0.053333,1.13394733,1.13334256,13.334256
2019-10-25,VZ,0.13,-0.45,-0.45,3,-0.053333,1.13394733,1.13334256,13.334256
2019-10-25,WY,0.38,0.69,0.69,3,-0.053333,1.13394733,1.13334256,13.334256
2019-10-29,EA,-0.17,2.62,-2.62,2,-1.8,1.13334256,1.1129424,11.29424
2019-10-29,SYK,-2.51,0.98,-0.98,2,-1.8,1.13334256,1.1129424,11.29424
2019-10-30,BXP,-0.4,-0.85,0.85,4,1.6225,1.1129424,1.13099989,13.099989
2019-10-30,MOH,-0.24,-4.81,4.81,4,1.6225,1.1129424,1.13099989,13.099989
2019-10-30,RSG,-1.61,0.18,-0.18,4,1.6225,1.1129424,1.13099989,13.099989
2019-10-30,TRMB,0.36,1.01,1.01,4,1.6225,1.1129424,1.13099989,13.099989
2019-10-31,GPN,0.85,1.02,1.02,2,2.425,1.13099989,1.15842663,15.842663
2019-10-31,MSCI,0.97,3.83,3.83,2,2.425,1.13099989,1.15842663,15.842663
2019-11-04,FE,-0.69,-0.73,0.73,2,-0.105,1.15842663,1.15721029,15.721029
2019-11-04,SYY,0.04,-0.94,-0.94,2,-0.105,1.15842663,1.15721029,15.721029
2019-11-06,EXPE,-14.93,-14.64,14.64,1,14.64,1.15721029,1.32662587,32.662587
2019-11-07,GEN,0.08,1.93,1.93,1,1.93,1.32662587,1.35222975,35.222975
2019-11-14,WMT,0.02,-1.5,-1.5,1,-1.5,1.35222975,1.33194631,33.194631
2019-12-16,NFLX,1.04,2.64,2.64,1,2.64,1.33194631,1.36710969,36.710969
2019-12-17,JBL,-0.99,-3.81,3.81,1,3.81,1.36710969,1.41919657,41.919657
2020-01-09,ISRG,3.36,-1.12,-1.12,1,-1.12,1.41919657,1.40330157,40.330157
2020-01-15,GPN,0.76,0.05,0.05,1,0.05,1.40330157,1.40400322,40.400322
2020-01-21,IBM,2.98,0.4,0.4,1,0.4,1.40400322,1.40961923,40.961923
2020-01-28,SYK,1.02,-2.64,-2.64,1,-2.64,1.40961923,1.37240528,37.240528
2020-01-29,BXP,-0.28,0.74,-0.74,1,-0.74,1.37240528,1.36224948,36.224948
2020-01-30,EA,-0.8,-2.56,2.56,4,-1.1975,1.36224948,1.34593654,34.593654
2020-01-30,EW,3.63,-9.32,-9.32,4,-1.1975,1.36224948,1.34593654,34.593654
2020-01-30,MSCI,-0.25,-2.14,2.14,4,-1.1975,1.36224948,1.34593654,34.593654
2020-01-30,VZ,-0.03,0.17,-0.17,4,-1.1975,1.36224948,1.34593654,34.593654
2020-01-31,WY,0.41,-2.92,-2.92,1,-2.92,1.34593654,1.3066352,30.66352
2020-02-03,SYY,-0.68,-1.44,1.44,1,1.44,1.3066352,1.32545074,32.545074
2020-02-04,CMG,0.81,-4.26,-4.26,2,-1.865,1.32545074,1.30073109,30.073109
2020-02-04,GILD,-1.75,-0.53,0.53,2,-1.865,1.32545074,1.30073109,30.073109
2020-02-06,GEN,8.12,3.62,3.62,2,1.555,1.30073109,1.32095746,32.095746
2020-02-06,SMCI,-3.01,0.51,-0.51,2,1.555,1.30073109,1.32095746,32.095746
2020-02-07,FE,0.04,0.21,0.21,1,0.21,1.32095746,1.32373147,32.373147
2020-02-10,MOH,-0.62,10.01,-10.01,1,-10.01,1.32373147,1.19122595,19.122595
2020-02-12,TRMB,-0.25,2.05,-2.05,1,-2.05,1.19122595,1.16680582,16.680582
2020-02-13,EXPE,12.17,-1.01,-1.01,3,1.39,1.16680582,1.18302442,18.302442
2020-02-13,MHK,0.09,3.93,3.93,3,1.39,1.16680582,1.18302442,18.302442
2020-02-13,RSG,0.18,1.25,1.25,3,1.39,1.16680582,1.18302442,18.302442
2020-02-18,WMT,-0.11,-1.52,1.52,1,1.52,1.18302442,1.20100639,20.100639
2020-02-20,FSLR,-10.65,-4.55,4.55,1,4.55,1.20100639,1.25565218,25.565218
2020-03-13,JBL,-9.71,-3.39,3.39,1,3.39,1.25565218,1.29821879,29.821879
2020-04-06,GPN,5.2,-6.71,-6.71,1,-6.71,1.29821879,1.21110831,21.110831
2020-04-08,ISRG,0.23,-1.54,-1.54,1,-1.54,1.21110831,1.19245724,19.245724
2020-04-20,IBM,-5.32,2.42,-2.42,1,-2.42,1.19245724,1.16359977,16.359977
2020-04-21,CMG,7.92,3.92,3.92,2,2.925,1.16359977,1.19763507,19.763507
2020-04-21,NFLX,-0.95,-1.93,1.93,2,2.925,1.16359977,1.19763507,19.763507
2020-04-23,EW,6.44,-5.02,-5.02,2,-5.425,1.19763507,1.13266336,13.266336
2020-04-23,FE,-7.06,5.83,-5.83,2,-5.425,1.19763507,1.13266336,13.266336
2020-04-28,BXP,4.05,-2.72,-2.72,2,-0.15,1.13266336,1.13096437,13.096437
2020-04-28,MSCI,2.39,2.42,2.42,2,-0.15,1.13266336,1.13096437,13.096437
2020-04-30,GILD,-3.33,-1.54,1.54,3,-0.983333,1.13096437,1.11984322,11.984322
2020-04-30,MOH,3.67,1.92,1.92,3,-0.983333,1.13096437,1.11984322,11.984322
2020-04-30,SYK,3.52,-6.41,-6.41,3,-0.983333,1.13096437,1.11984322,11.984322
2020-05-01,WY,-2.06,1.02,-1.02,1,-1.02,1.11984322,1.10842082,10.842082
2020-05-04,MHK,1.46,-4.41,-4.41,1,-4.41,1.10842082,1.05953946,5.953946
2020-05-05,EA,-3.85,0.28,-0.28,3,-2.116667,1.05953946,1.03711254,3.711254
2020-05-05,RSG,10.0,-7.84,-7.84,3,-2.116667,1.05953946,1.03711254,3.711254
2020-05-05,SYY,0.87,1.77,1.77,3,-2.116667,1.05953946,1.03711254,3.711254
2020-05-06,TRMB,4.99,8.97,8.97,1,8.97,1.03711254,1.13014154,13.014154
2020-05-07,FSLR,1.66,-2.73,-2.73,2,2.72,1.13014154,1.16088139,16.088139
2020-05-07,SMCI,5.0,8.17,8.17,2,2.72,1.13014154,1.16088139,16.088139
2020-05-14,GEN,-0.76,-3.61,3.61,1,3.61,1.16088139,1.2027892,20.27892
2020-05-19,WMT,1.23,-0.82,-0.82,1,-0.82,1.2027892,1.19292633,19.292633
2020-05-20,EXPE,3.78,-6.76,-6.76,1,-6.76,1.19292633,1.11228451,11.228451
2020-06-19,JBL,-0.03,1.1,-1.1,1,-1.1,1.11228451,1.10004938,10.004938
2020-07-16,NFLX,-6.17,-0.38,0.38,1,0.38,1.10004938,1.10422957,10.422957
2020-07-20,IBM,3.79,-3.89,-3.89,1,-3.89,1.10422957,1.06127504,6.127504
2020-07-21,ISRG,1.72,1.78,1.78,1,1.78,1.06127504,1.08016574,8.016574
2020-07-22,CMG,-1.37,-4.1,4.1,1,4.1,1.08016574,1.12445253,12.445253
2020-07-23,EW,3.47,-2.34,-2.34,2,1.585,1.12445253,1.1422751,14.22751
2020-07-23,FE,1.97,5.51,5.51,2,1.585,1.12445253,1.1422751,14.22751
2020-07-24,VZ,0.26,-0.23,-0.23,1,-0.23,1.1422751,1.13964787,13.964787
2020-07-28,MSCI,-0.13,1.93,-1.93,1,-1.93,1.13964787,1.11765267,11.765267
2020-07-29,BXP,-2.47,-0.09,0.09,1,0.09,1.11765267,1.11865856,11.865856
2020-07-30,EA,2.49,-0.3,-0.3,5,-0.178,1.11865856,1.11666734,11.666734
2020-07-30,EXPE,-4.83,0.22,-0.22,5,-0.178,1.11865856,1.11666734,11.666734
2020-07-30,GILD,-3.59,-0.29,0.29,5,-0.178,1.11865856,1.11666734,11.666734
2020-07-30,MOH,-2.96,1.77,-1.77,5,-0.178,1.11865856,1.11666734,11.666734
2020-07-30,SYK,-2.37,-1.11,1.11,5,-0.178,1.11865856,1.11666734,11.666734
2020-07-31,WY,-1.44,2.15,-2.15,1,-2.15,1.11666734,1.09265899,9.265899
2020-08-03,GPN,-0.02,-2.66,2.66,1,2.66,1.09265899,1.12172372,12.172372
2020-08-05,TRMB,3.27,3.44,3.44,1,3.44,1.12172372,1.16031102,16.031102
2020-08-06,FSLR,7.2,5.54,5.54,4,1.475,1.16031102,1.17742561,17.742561
2020-08-06,GEN,3.97,1.39,1.39,4,1.475,1.16031102,1.17742561,17.742561
2020-08-06,MHK,2.41,-3.15,-3.15,4,1.475,1.16031102,1.17742561,17.742561
2020-08-06,RSG,0.92,2.12,2.12,4,1.475,1.16031102,1.17742561,17.742561
2020-08-11,SMCI,-8.66,-6.57,6.57,2,2.14,1.17742561,1.20262252,20.262252
2020-08-11,SYY,0.43,-2.29,-2.29,2,2.14,1.17742561,1.20262252,20.262252
2020-08-18,WMT,-0.37,-1.34,1.34,1,1.34,1.20262252,1.21873766,21.873766
2020-09-24,JBL,0.17,-2.99,-2.99,1,-2.99,1.21873766,1.1822974,18.22974
2020-10-08,IBM,0.39,-3.19,-3.19,1,-3.19,1.1822974,1.14458211,14.458211
2020-10-15,ISRG,-2.16,3.82,-3.82,1,-3.82,1.14458211,1.10085908,10.085908
2020-10-20,NFLX,-4.64,-2.39,2.39,1,2.39,1.10085908,1.12716961,12.716961
2020-10-21,CMG,-5.45,0.63,-0.63,2,0.035,1.12716961,1.12756412,12.756412
2020-10-21,VZ,0.32,0.7,0.7,2,0.035,1.12716961,1.12756412,12.756412
2020-10-22,EW,0.6,0.69,0.69,1,0.69,1.12756412,1.13534431,13.534431
2020-10-27,BXP,-0.98,-2.56,2.56,3,2.093333,1.13534431,1.15911085,15.911085
2020-10-27,FSLR,12.06,1.06,1.06,3,2.093333,1.13534431,1.15911085,15.911085
2020-10-27,MSCI,-1.94,-2.66,2.66,3,2.093333,1.13534431,1.15911085,15.911085
2020-10-28,GILD,-1.57,1.26,-1.26,2,-4.085,1.15911085,1.11176117,11.176117
2020-10-28,MOH,4.02,-6.91,-6.91,2,-4.085,1.15911085,1.11176117,11.176117
2020-10-29,GPN,-0.54,1.55,-1.55,3,-2.533333,1.11176117,1.08359656,8.359656
2020-10-29,MHK,13.83,-2.58,-2.58,3,-2.533333,1.11176117,1.08359656,8.359656
2020-10-29,SYK,1.89,-3.47,-3.47,3,-2.533333,1.11176117,1.08359656,8.359656
2020-10-30,WY,1.91,1.11,1.11,1,1.11,1.08359656,1.09562448,9.562448
2020-11-02,FE,1.44,-0.79,-0.79,1,-0.79,1.09562448,1.08696905,8.696905
2020-11-03,SMCI,15.77,5.62,5.62,2,2.67,1.08696905,1.11599112,11.599112
2020-11-03,SYY,1.1,-0.28,-0.28,2,2.67,1.08696905,1.11599112,11.599112
2020-11-04,EXPE,3.56,1.07,1.07,2,1.54,1.11599112,1.13317738,13.317738
2020-11-04,TRMB,3.21,2.01,2.01,2,1.54,1.11599112,1.13317738,13.317738
2020-11-05,EA,-6.88,-0.26,0.26,3,1.79,1.13317738,1.15346126,15.346126
2020-11-05,GEN,-2.36,-5.16,5.16,3,1.79,1.13317738,1.15346126,15.346126
2020-11-05,RSG,1.7,-0.05,-0.05,3,1.79,1.13317738,1.15346126,15.346126
2020-11-17,WMT,0.33,-0.51,-0.51,1,-0.51,1.15346126,1.14757861,14.757861
2020-12-17,JBL,-0.25,-3.52,3.52,1,3.52,1.14757861,1.18797337,18.797337
2021-01-11,GILD,0.24,-0.93,-0.93,1,-0.93,1.18797337,1.17692522,17.692522
2021-01-13,ISRG,0.35,-2.11,-2.11,1,-2.11,1.17692522,1.1520921,15.20921
2021-01-19,NFLX,12.69,3.7,3.7,1,3.7,1.1520921,1.19471951,19.471951
2021-01-21,IBM,-8.32,-1.73,1.73,1,1.73,1.19471951,1.21538815,21.538815
2021-01-26,BXP,-0.78,-2.48,2.48,2,-0.095,1.21538815,1.21423353,21.423353
2021-01-26,VZ,0.12,-2.67,-2.67,2,-0.095,1.21538815,1.21423353,21.423353
2021-01-27,EW,-3.28,1.61,-1.61,2,-1.34,1.21423353,1.1979628,19.79628
2021-01-27,SYK,0.75,-1.07,-1.07,2,-1.34,1.21423353,1.1979628,19.79628
2021-01-28,MSCI,-0.62,0.64,-0.64,1,-0.64,1.1979628,1.19029584,19.029584
2021-01-29,WY,0.74,1.97,1.97,1,1.97,1.19029584,1.21374467,21.374467
2021-02-02,CMG,-1.84,0.33,-0.33,4,-0.2925,1.21374467,1.21019447,21.019447
2021-02-02,EA,-3.09,-2.45,2.45,4,-0.2925,1.21374467,1.21019447,21.019447
2021-02-02,SMCI,2.36,1.63,1.63,4,-0.2925,1.21374467,1.21019447,21.019447
2021-02-02,SYY,-0.29,4.92,-4.92,4,-0.2925,1.21374467,1.21019447,21.019447
2021-02-04,GEN,-1.21,-0.52,0.52,1,0.52,1.21019447,1.21648748,21.648748
2021-02-08,GPN,-1.36,2.87,-2.87,1,-2.87,1.21648748,1.18157429,18.157429
2021-02-10,MOH,-1.32,6.29,-6.29,2,-2.635,1.18157429,1.15043981,15.043981
2021-02-10,TRMB,-0.27,-1.02,1.02,2,-2.635,1.18157429,1.15043981,15.043981
2021-02-11,EXPE,-1.03,-1.25,1.25,2,0.995,1.15043981,1.16188668,16.188668
2021-02-11,MHK,5.22,0.74,0.74,2,0.995,1.15043981,1.16188668,16.188668
2021-02-16,FE,0.13,-0.06,-0.06,1,-0.06,1.16188668,1.16118955,16.118955
2021-02-18,WMT,0.1,0.39,0.39,1,0.39,1.16118955,1.16571819,16.571819
2021-02-22,RSG,2.7,-2.67,-2.67,1,-2.67,1.16571819,1.13459351,13.459351
2021-02-25,FSLR,-1.34,0.88,-0.88,1,-0.88,1.13459351,1.12460909,12.460909
2021-03-16,JBL,0.38,0.71,0.71,1,0.71,1.12460909,1.13259382,13.259382
2021-04-19,IBM,2.97,0.8,0.8,1,0.8,1.13259382,1.14165457,14.165457
2021-04-20,EW,0.76,5.46,5.46,3,3.76,1.14165457,1.18458078,18.458078
2021-04-20,ISRG,3.68,6.0,6.0,3,3.76,1.14165457,1.18458078,18.458078
2021-04-20,NFLX,-7.56,0.18,-0.18,3,3.76,1.14165457,1.18458078,18.458078
2021-04-21,CMG,1.33,-3.12,-3.12,2,-0.99,1.18458078,1.17285343,17.285343
2021-04-21,VZ,-0.34,-1.14,1.14,2,-0.99,1.18458078,1.17285343,17.285343
2021-04-22,FE,0.17,0.8,0.8,1,0.8,1.17285343,1.18223626,18.223626
2021-04-27,BXP,0.26,-0.78,-0.78,3,-0.42,1.18223626,1.17727086,17.727086
2021-04-27,MSCI,0.29,-1.02,-1.02,3,-0.42,1.18223626,1.17727086,17.727086
2021-04-27,SYK,-1.52,-0.54,0.54,3,-0.42,1.18223626,1.17727086,17.727086
2021-04-28,MOH,1.34,0.7,0.7,1,0.7,1.17727086,1.18551176,18.551176
2021-04-29,FSLR,-3.76,-8.9,8.9,3,2.883333,1.18551176,1.21969401,21.969401
2021-04-29,GILD,-2.16,1.62,-1.62,3,2.883333,1.18551176,1.21969401,21.969401
2021-04-29,MHK,-2.17,-1.37,1.37,3,2.883333,1.18551176,1.21969401,21.969401
2021-04-30,WY,0.44,1.1,1.1,1,1.1,1.21969401,1.23311065,23.311065
2021-05-04,GPN,0.85,-3.38,-3.38,3,-1.916667,1.23311065,1.20947603,20.947603
2021-05-04,SMCI,-2.71,1.88,-1.88,3,-1.916667,1.23311065,1.20947603,20.947603
2021-05-04,SYY,0.32,-0.49,-0.49,3,-1.916667,1.23311065,1.20947603,20.947603
2021-05-05,RSG,0.59,0.7,0.7,2,2.305,1.20947603,1.23735445,23.735445
2021-05-05,TRMB,-2.59,-3.91,3.91,2,2.305,1.20947603,1.23735445,23.735445
2021-05-06,EXPE,6.44,-1.13,-1.13,1,-1.13,1.23735445,1.22337235,22.337235
2021-05-10,GEN,3.32,7.21,7.21,1,7.21,1.22337235,1.31157749,31.157749
2021-05-11,EA,0.21,-1.4,-1.4,1,-1.4,1.31157749,1.29321541,29.321541
2021-05-18,WMT,-0.85,0.86,-0.86,1,-0.86,1.29321541,1.28209375,28.209375
2021-06-17,JBL,-0.92,-2.86,2.86,1,2.86,1.28209375,1.31876164,31.876164
2021-07-19,IBM,3.68,-2.12,-2.12,1,-2.12,1.31876164,1.29080389,29.080389
2021-07-20,CMG,5.24,5.98,5.98,3,1.43,1.29080389,1.30926238,30.926238
2021-07-20,ISRG,3.14,-4.07,-4.07,3,1.43,1.29080389,1.30926238,30.926238
2021-07-20,NFLX,-0.93,-2.38,2.38,3,1.43,1.29080389,1.30926238,30.926238
2021-07-21,VZ,0.36,-0.36,-0.36,1,-0.36,1.30926238,1.30454904,30.454904
2021-07-22,FE,-1.66,-0.08,0.08,1,0.08,1.30454904,1.30559268,30.559268
2021-07-27,BXP,1.32,0.2,0.2,4,-0.1925,1.30559268,1.30307941,30.307941
2021-07-27,GEN,-0.47,-0.35,0.35,4,-0.1925,1.30559268,1.30307941,30.307941
2021-07-27,MSCI,0.8,0.5,0.5,4,-0.1925,1.30559268,1.30307941,30.307941
2021-07-27,SYK,1.98,-1.82,-1.82,4,-0.1925,1.30559268,1.30307941,30.307941
2021-07-28,MOH,-0.32,-1.22,1.22,1,1.22,1.30307941,1.31897698,31.897698
2021-07-29,EW,1.58,-0.98,-0.98,4,-1.9825,1.31897698,1.29282826,29.282826
2021-07-29,FSLR,-2.1,4.95,-4.95,4,-1.9825,1.31897698,1.29282826,29.282826
2021-07-29,GILD,-1.62,-0.6,0.6,4,-1.9825,1.31897698,1.29282826,29.282826
2021-07-29,RSG,-0.1,2.6,-2.6,4,-1.9825,1.31897698,1.29282826,29.282826
2021-07-30,WY,0.03,1.42,1.42,1,1.42,1.29282826,1.31118642,31.118642
2021-08-02,GPN,1.57,-2.81,-2.81,1,-2.81,1.31118642,1.27434209,27.434209
2021-08-04,EA,3.52,-5.5,-5.5,2,-1.44,1.27434209,1.25599156,25.599156
2021-08-04,TRMB,0.47,2.62,2.62,2,-1.44,1.27434209,1.25599156,25.599156
2021-08-05,EXPE,-7.5,-0.45,0.45,1,0.45,1.25599156,1.26164352,26.164352
2021-08-10,SMCI,2.41,-1.72,-1.72,2,-1.205,1.26164352,1.24644072,24.644072
2021-08-10,SYY,0.59,-0.69,-0.69,2,-1.205,1.26164352,1.24644072,24.644072
2021-08-17,WMT,-0.1,-0.96,0.96,1,0.96,1.24644072,1.25840655,25.840655
2021-09-29,JBL,3.3,-1.27,-1.27,1,-1.27,1.25840655,1.24242479,24.242479
2021-10-19,ISRG,0.51,0.53,0.53,2,0.3,1.24242479,1.24615206,24.615206
2021-10-19,NFLX,-2.1,-0.07,0.07,2,0.3,1.24242479,1.24615206,24.615206
2021-10-20,IBM,-5.91,-3.88,3.88,2,1.585,1.24615206,1.26590357,26.590357
2021-10-20,VZ,0.3,-0.71,-0.71,2,1.585,1.24615206,1.26590357,26.590357
2021-10-26,BXP,1.1,-3.98,-3.98,2,-2.725,1.26590357,1.2314077,23.14077
2021-10-26,MSCI,0.53,-1.47,-1.47,2,-2.725,1.26590357,1.2314077,23.14077
2021-10-27,EW,-5.23,5.92,-5.92,2,-3.73,1.2314077,1.18547619,18.547619
2021-10-27,MOH,2.09,-1.54,-1.54,2,-3.73,1.2314077,1.18547619,18.547619
2021-10-28,FE,-0.74,2.42,-2.42,5,-0.156,1.18547619,1.18362685,18.362685
2021-10-28,GILD,-2.14,-1.55,1.55,5,-0.156,1.18547619,1.18362685,18.362685
2021-10-28,MHK,-5.05,-6.24,6.24,5,-0.156,1.18547619,1.18362685,18.362685
2021-10-28,RSG,8.01,-4.09,-4.09,5,-0.156,1.18547619,1.18362685,18.362685
2021-10-28,SYK,-2.88,2.06,-2.06,5,-0.156,1.18547619,1.18362685,18.362685
2021-10-29,WY,0.67,2.84,2.84,1,2.84,1.18362685,1.21724185,21.724185
2021-11-02,GPN,0.19,1.71,1.71,2,1.41,1.21724185,1.23440496,23.440496
2021-11-02,SMCI,11.74,1.11,1.11,2,1.41,1.21724185,1.23440496,23.440496
2021-11-03,EA,2.78,-0.63,-0.63,2,-2.81,1.23440496,1.19971818,19.971818
2021-11-03,TRMB,3.44,-4.99,-4.99,2,-2.81,1.23440496,1.19971818,19.971818
2021-11-04,EXPE,13.8,1.61,1.61,3,-1.343333,1.19971818,1.18360197,18.360197
2021-11-04,FSLR,-2.46,2.21,-2.21,3,-1.343333,1.19971818,1.18360197,18.360197
2021-11-04,GEN,2.81,-3.43,-3.43,3,-1.343333,1.19971818,1.18360197,18.360197
2021-11-09,SYY,-0.38,-0.95,0.95,1,0.95,1.18360197,1.19484619,19.484619
2021-11-16,WMT,-0.01,-0.85,0.85,1,0.85,1.19484619,1.20500238,20.500238
2021-12-16,JBL,0.12,1.63,1.63,1,1.63,1.20500238,1.22464392,22.464392
2021-12-27,IBM,-0.02,0.78,-0.78,1,-0.78,1.22464392,1.21509169,21.509169
2022-01-12,ISRG,0.56,-3.62,-3.62,1,-3.62,1.21509169,1.17110537,17.110537
2022-01-20,NFLX,-21.21,-0.73,0.73,1,0.73,1.17110537,1.17965444,17.965444
2022-01-25,VZ,-0.53,-3.04,3.04,1,3.04,1.17965444,1.21551594,21.551594
2022-01-26,BXP,1.25,-4.82,-4.82,2,-3.39,1.21551594,1.17430995,17.430995
2022-01-26,EW,-7.94,1.96,-1.96,2,-3.39,1.21551594,1.17430995,17.430995
2022-01-27,MSCI,-1.69,5.1,-5.1,2,-4.21,1.17430995,1.1248715,12.48715
2022-01-27,SYK,-2.0,3.32,-3.32,2,-4.21,1.17430995,1.1248715,12.48715
2022-01-28,WY,-0.5,2.48,-2.48,1,-2.48,1.1248715,1.09697469,9.697469
2022-02-01,EA,-3.25,9.11,-9.11,3,-2.976667,1.09697469,1.06432141,6.432141
2022-02-01,GILD,-4.34,0.49,-0.49,3,-2.976667,1.09697469,1.06432141,6.432141
2022-02-01,SMCI,4.36,0.67,0.67,3,-2.976667,1.09697469,1.06432141,6.432141
2022-02-03,GEN,1.85,6.73,6.73,1,6.73,1.06432141,1.13595024,13.595024
2022-02-08,CMG,7.87,2.12,2.12,2,0.84,1.13595024,1.14549222,14.549222
2022-02-08,SYY,0.5,-0.44,-0.44,2,0.84,1.13595024,1.14549222,14.549222
2022-02-09,MOH,-3.54,3.25,-3.25,2,-1.19,1.14549222,1.13186086,13.186086
2022-02-09,TRMB,-3.25,-0.87,0.87,2,-1.19,1.14549222,1.13186086,13.186086
2022-02-10,FE,1.38,-1.02,-1.02,4,-0.7525,1.13186086,1.12334361,12.334361
2022-02-10,GPN,0.65,0.16,0.16,4,-0.7525,1.13186086,1.12334361,12.334361
2022-02-10,MHK,0.59,-5.77,-5.77,4,-0.7525,1.13186086,1.12334361,12.334361
2022-02-10,RSG,-0.83,-3.62,3.62,4,-0.7525,1.13186086,1.12334361,12.334361
2022-02-17,WMT,-0.56,-0.08,0.08,1,0.08,1.12334361,1.12424228,12.424228
2022-03-01,FSLR,-12.93,5.57,-5.57,1,-5.57,1.12424228,1.06162199,6.162199
2022-03-16,JBL,0.39,1.07,1.07,1,1.07,1.06162199,1.07298134,7.298134
2022-04-18,SMCI,14.72,6.31,6.31,1,6.31,1.07298134,1.14068647,14.068647
2022-04-19,IBM,4.53,2.46,2.46,2,5.105,1.14068647,1.19891851,19.891851
2022-04-19,NFLX,-29.66,-7.75,7.75,2,5.105,1.14068647,1.19891851,19.891851
2022-04-21,FE,-1.54,-2.89,2.89,2,5.565,1.19891851,1.26563833,26.563833
2022-04-21,ISRG,-6.64,-8.24,8.24,2,5.565,1.19891851,1.26563833,26.563833
2022-04-22,VZ,-1.1,-2.06,2.06,1,2.06,1.26563833,1.29171048,29.171048
2022-04-26,CMG,4.13,-1.47,-1.47,3,1.653333,1.29171048,1.31306676,31.306676
2022-04-26,EW,-1.95,-3.68,3.68,3,1.653333,1.29171048,1.31306676,31.306676
2022-04-26,MSCI,-0.05,-2.75,2.75,3,1.653333,1.29171048,1.31306676,31.306676
2022-04-27,MOH,-0.74,-1.89,1.89,1,1.89,1.31306676,1.33788372,33.788372
2022-04-28,MHK,20.23,-10.29,-10.29,2,-3.62,1.33788372,1.28945233,28.945233
2022-04-28,SYK,-1.29,-3.05,3.05,2,-3.62,1.33788372,1.28945233,28.945233
2022-04-29,WY,0.58,-3.4,-3.4,1,-3.4,1.28945233,1.24561095,24.561095
2022-05-02,BXP,3.59,-0.06,-0.06,3,1.96,1.24561095,1.27002492,27.002492
2022-05-02,EXPE,-3.67,-10.74,10.74,3,1.96,1.24561095,1.27002492,27.002492
2022-05-02,GPN,-1.73,4.8,-4.8,3,1.96,1.24561095,1.27002492,27.002492
2022-05-05,GEN,-2.32,4.88,-4.88,3,-1.453333,1.27002492,1.25156723,25.156723
2022-05-05,RSG,0.48,3.23,3.23,3,-1.453333,1.27002492,1.25156723,25.156723
2022-05-05,TRMB,-1.39,2.71,-2.71,3,-1.453333,1.27002492,1.25156723,25.156723
2022-05-10,EA,2.69,5.14,5.14,2,1.235,1.25156723,1.26702408,26.702408
2022-05-10,SYY,0.37,-2.67,-2.67,2,1.235,1.25156723,1.26702408,26.702408
2022-05-17,WMT,-2.53,-4.37,4.37,1,4.37,1.26702408,1.32239303,32.239303
2022-06-16,JBL,2.4,-1.25,-1.25,1,-1.25,1.32239303,1.30586312,30.586312
2022-07-18,IBM,-4.74,-0.53,0.53,1,0.53,1.30586312,1.3127842,31.27842
2022-07-19,NFLX,3.24,3.97,3.97,1,3.97,1.3127842,1.36490173,36.490173
2022-07-20,SMCI,18.08,-4.05,-4.05,1,-4.05,1.36490173,1.30962321,30.962321
2022-07-21,ISRG,-7.7,2.13,-2.13,1,-2.13,1.30962321,1.28172823,28.172823
2022-07-22,VZ,-0.16,0.86,-0.86,1,-0.86,1.28172823,1.27070537,27.070537
2022-07-26,BXP,1.83,0.06,0.06,5,0.662,1.27070537,1.27911744,27.911744
2022-07-26,CMG,8.91,5.32,5.32,5,0.662,1.27070537,1.27911744,27.911744
2022-07-26,FE,0.08,0.54,0.54,5,0.662,1.27070537,1.27911744,27.911744
2022-07-26,MSCI,1.3,0.96,0.96,5,0.662,1.27070537,1.27911744,27.911744
2022-07-26,SYK,7.46,-3.57,-3.57,5,0.662,1.27070537,1.27911744,27.911744
2022-07-27,MOH,-0.25,3.93,-3.93,1,-3.93,1.27911744,1.22884813,22.884813
2022-07-28,EW,-6.76,0.5,-0.5,3,4.57,1.22884813,1.28500648,28.500648
2022-07-28,FSLR,2.18,9.66,9.66,3,4.57,1.22884813,1.28500648,28.500648
2022-07-28,MHK,-1.33,-4.55,4.55,3,4.57,1.22884813,1.28500648,28.500648
2022-07-29,WY,-0.36,1.96,-1.96,1,-1.96,1.28500648,1.25982036,25.982036
2022-08-01,GPN,-0.98,-0.21,0.21,1,0.21,1.25982036,1.26246598,26.246598
2022-08-02,EA,1.75,1.63,1.63,2,1.965,1.26246598,1.28727344,28.727344
2022-08-02,GILD,2.23,2.3,2.3,2,1.965,1.26246598,1.28727344,28.727344
2022-08-04,EXPE,4.71,-4.2,-4.2,3,0.966667,1.28727344,1.29971708,29.971708
2022-08-04,GEN,-1.2,-7.88,7.88,3,0.966667,1.28727344,1.29971708,29.971708
2022-08-04,RSG,-0.52,0.78,-0.78,3,0.966667,1.28727344,1.29971708,29.971708
2022-08-05,TRMB,0.51,-0.31,-0.31,1,-0.31,1.29971708,1.29568796,29.568796
2022-08-09,SYY,1.55,-2.27,-2.27,1,-2.27,1.29568796,1.26627584,26.627584
2022-08-16,WMT,-0.57,0.69,-0.69,1,-0.69,1.26627584,1.25753854,25.753854
2022-09-27,JBL,-0.73,5.47,-5.47,1,-5.47,1.25753854,1.18875118,18.875118
2022-10-18,ISRG,12.5,-3.12,-3.12,2,-0.17,1.18875118,1.1867303,18.67303
2022-10-18,NFLX,10.02,2.78,2.78,2,-0.17,1.18875118,1.1867303,18.67303
2022-10-19,IBM,3.05,1.62,1.62,2,-1.565,1.1867303,1.16815797,16.815797
2022-10-19,SMCI,15.85,-4.75,-4.75,2,-1.565,1.1867303,1.16815797,16.815797
2022-10-21,VZ,0.88,0.87,0.87,1,0.87,1.16815797,1.17832095,17.832095
2022-10-25,CMG,-3.26,-3.68,3.68,3,-0.48,1.17832095,1.17266501,17.266501
2022-10-25,FE,0.69,-3.86,-3.86,3,-0.48,1.17832095,1.17266501,17.266501
2022-10-25,MSCI,-0.54,1.26,-1.26,3,-0.48,1.17832095,1.17266501,17.266501
2022-10-26,BXP,1.43,-4.07,-4.07,2,-4.75,1.17266501,1.11696342,11.696342
2022-10-26,MOH,0.75,-5.43,-5.43,2,-4.75,1.17266501,1.11696342,11.696342
2022-10-27,EW,-15.86,-2.4,2.4,6,-0.058333,1.11696342,1.11631186,11.631186
2022-10-27,FSLR,-0.02,1.16,-1.16,6,-0.058333,1.11696342,1.11631186,11.631186
2022-10-27,GILD,5.93,6.6,6.6,6,-0.058333,1.11696342,1.11631186,11.631186
2022-10-27,MHK,-5.62,4.3,-4.3,6,-0.058333,1.11696342,1.11631186,11.631186
2022-10-27,RSG,-1.91,0.84,-0.84,6,-0.058333,1.11696342,1.11631186,11.631186
2022-10-27,WY,-2.68,3.05,-3.05,6,-0.058333,1.11696342,1.11631186,11.631186
2022-10-31,GPN,0.71,-1.22,-1.22,2,-1.9,1.11631186,1.09510193,9.510193
2022-10-31,SYK,-6.41,2.58,-2.58,2,-1.9,1.11631186,1.09510193,9.510193
2022-11-01,EA,-0.21,2.11,-2.11,2,0.005,1.09510193,1.09515669,9.515669
2022-11-01,SYY,-1.07,-2.12,2.12,2,0.005,1.09510193,1.09515669,9.515669
2022-11-02,TRMB,-1.32,-1.66,1.66,1,1.66,1.09515669,1.11333629,11.333629
2022-11-03,EXPE,6.7,-0.93,-0.93,1,-0.93,1.11333629,1.10298226,10.298226
2022-11-08,GEN,2.96,2.96,2.96,1,2.96,1.10298226,1.13563054,13.563054
2022-11-15,WMT,0.3,0.42,0.42,1,0.42,1.13563054,1.14040018,14.040018
2022-12-15,JBL,-0.51,1.57,-1.57,1,-1.57,1.14040018,1.1224959,12.24959
2023-01-11,ISRG,-0.47,-0.7,0.7,1,0.7,1.1224959,1.13035337,13.035337
2023-01-17,MHK,0.92,0.37,0.37,1,0.37,1.13035337,1.13453568,13.453568
2023-01-18,SMCI,-3.02,-7.36,7.36,1,7.36,1.13453568,1.21803751,21.803751
2023-01-19,NFLX,6.65,1.7,1.7,1,1.7,1.21803751,1.23874414,23.874414
2023-01-24,VZ,0.3,-0.52,-0.52,1,-0.52,1.23874414,1.23230267,23.230267
2023-01-25,IBM,-2.29,-2.24,2.24,1,2.24,1.23230267,1.25990625,25.990625
2023-01-31,EA,-9.25,-0.02,0.02,5,1.746,1.25990625,1.28190422,28.190422
2023-01-31,EW,3.14,3.0,3.0,5,1.746,1.25990625,1.28190422,28.190422
2023-01-31,MSCI,2.07,2.2,2.2,5,1.746,1.25990625,1.28190422,28.190422
2023-01-31,SYK,6.23,3.46,3.46,5,1.746,1.25990625,1.28190422,28.190422
2023-01-31,SYY,0.54,0.05,0.05,5,1.746,1.25990625,1.28190422,28.190422
2023-02-01,BXP,2.84,2.44,2.44,1,2.44,1.28190422,1.31318268,31.318268
2023-02-02,GEN,-1.95,-7.83,7.83,2,3.82,1.31318268,1.36334626,36.334626
2023-02-02,GILD,4.02,-0.19,-0.19,2,3.82,1.31318268,1.36334626,36.334626
2023-02-07,CMG,-4.64,-0.34,0.34,1,0.34,1.36334626,1.36798163,36.798163
2023-02-08,MOH,2.55,-4.34,-4.34,2,-1.82,1.36798163,1.34308437,34.308437
2023-02-08,TRMB,1.44,0.7,0.7,2,-1.82,1.36798163,1.34308437,34.308437
2023-02-09,EXPE,-5.35,-3.38,3.38,1,3.38,1.34308437,1.38848062,38.848062
2023-02-10,GPN,-0.87,-1.78,1.78,1,1.78,1.38848062,1.41319558,41.319558
2023-02-13,FE,-0.5,-0.05,0.05,1,0.05,1.41319558,1.41390217,41.390217
2023-02-15,RSG,1.97,1.33,1.33,1,1.33,1.41390217,1.43270707,43.270707
2023-02-21,WMT,-0.38,-1.72,1.72,1,1.72,1.43270707,1.45734963,45.734963
2023-02-28,FSLR,6.75,8.38,8.38,1,8.38,1.45734963,1.57947553,57.947553
2023-03-16,JBL,0.01,0.74,0.74,1,0.74,1.57947553,1.59116365,59.116365
2023-04-18,ISRG,8.44,2.25,2.25,2,1.295,1.59116365,1.61176922,61.176922
2023-04-18,NFLX,-2.84,-0.34,0.34,2,1.295,1.59116365,1.61176922,61.176922
2023-04-19,IBM,3.03,-2.91,-2.91,1,-2.91,1.61176922,1.56486674,56.486674
2023-04-24,SMCI,-0.61,-4.81,4.81,1,4.81,1.56486674,1.64013683,64.013683
2023-04-25,BXP,3.42,-1.61,-1.61,4,1.1925,1.64013683,1.65969546,65.969546
2023-04-25,CMG,7.75,4.79,4.79,4,1.1925,1.64013683,1.65969546,65.969546
2023-04-25,MSCI,-1.67,-1.1,1.1,4,1.1925,1.64013683,1.65969546,65.969546
2023-04-25,VZ,-0.54,-0.49,0.49,4,1.1925,1.64013683,1.65969546,65.969546
2023-04-26,EW,-2.76,2.02,-2.02,2,1.95,1.65969546,1.69205952,69.205952
2023-04-26,MOH,1.73,5.92,5.92,2,1.95,1.65969546,1.69205952,69.205952
2023-04-27,FE,0.07,-3.28,-3.28,5,0.212,1.69205952,1.69564669,69.564669
2023-04-27,GILD,-1.23,-0.38,0.38,5,0.212,1.69205952,1.69564669,69.564669
2023-04-27,MHK,6.94,0.25,0.25,5,0.212,1.69205952,1.69564669,69.564669
2023-04-27,RSG,1.66,3.31,3.31,5,0.212,1.69205952,1.69564669,69.564669
2023-04-27,WY,1.36,0.4,0.4,5,0.212,1.69205952,1.69564669,69.564669
2023-05-01,SYK,-4.4,2.52,-2.52,1,-2.52,1.69564669,1.65291639,65.291639
2023-05-02,SYY,-0.87,0.24,-0.24,1,-0.24,1.65291639,1.64894939,64.894939
2023-05-03,TRMB,-0.27,0.68,-0.68,1,-0.68,1.64894939,1.63773654,63.773654
2023-05-04,EXPE,5.81,-0.86,-0.86,1,-0.86,1.63773654,1.623652,62.3652
2023-05-09,EA,3.12,-3.54,-3.54,1,-3.54,1.623652,1.56617472,56.617472
2023-05-11,GEN,-1.4,-4.14,4.14,1,4.14,1.56617472,1.63101435,63.101435
2023-05-18,WMT,-0.05,-0.98,0.98,1,0.98,1.63101435,1.64699829,64.699829
2023-06-15,JBL,1.25,-0.56,-0.56,1,-0.56,1.64699829,1.6377751,63.77751
2023-07-19,IBM,1.26,0.87,0.87,2,1.505,1.6377751,1.66242362,66.242362
2023-07-19,NFLX,-6.41,-2.14,2.14,2,1.505,1.6377751,1.66242362,66.242362
2023-07-20,ISRG,-3.38,0.22,-0.22,2,-1.055,1.66242362,1.64488505,64.488505
2023-07-20,SMCI,2.0,-1.89,-1.89,2,-1.055,1.66242362,1.64488505,64.488505
2023-07-25,MSCI,0.33,1.32,1.32,2,-0.065,1.64488505,1.64381587,64.381587
2023-07-25,VZ,-1.14,1.45,-1.45,2,-0.065,1.64488505,1.64381587,64.381587
2023-07-26,CMG,-7.8,-2.18,2.18,3,1.29,1.64381587,1.6650211,66.50211
2023-07-26,EW,-5.05,-4.98,4.98,3,1.29,1.64381587,1.6650211,66.50211
2023-07-26,MOH,2.13,-3.29,-3.29,3,1.29,1.64381587,1.6650211,66.50211
2023-07-27,FSLR,12.47,-6.79,-6.79,3,-1.06,1.6650211,1.64737188,64.737188
2023-07-27,MHK,-1.57,-5.42,5.42,3,-1.06,1.6650211,1.64737188,64.737188
2023-07-27,WY,0.53,-1.81,-1.81,3,-1.06,1.6650211,1.64737188,64.737188
2023-07-31,RSG,1.55,-0.89,-0.89,1,-0.89,1.64737188,1.63271027,63.271027
2023-08-01,BXP,-0.9,4.54,-4.54,5,-0.65,1.63271027,1.62209765,62.209765
2023-08-01,EA,-4.5,-2.84,2.84,5,-0.65,1.63271027,1.62209765,62.209765
2023-08-01,FE,-0.56,-0.39,0.39,5,-0.65,1.63271027,1.62209765,62.209765
2023-08-01,GPN,-0.87,1.89,-1.89,5,-0.65,1.63271027,1.62209765,62.209765
2023-08-01,SYY,-0.75,0.05,-0.05,5,-0.65,1.63271027,1.62209765,62.209765
2023-08-03,EXPE,2.45,2.08,2.08,4,2.475,1.62209765,1.66224457,66.224457
2023-08-03,GEN,1.61,6.24,6.24,4,2.475,1.62209765,1.66224457,66.224457
2023-08-03,GILD,2.45,1.68,1.68,4,2.475,1.62209765,1.66224457,66.224457
2023-08-03,SYK,3.04,-0.1,-0.1,4,2.475,1.62209765,1.66224457,66.224457
2023-08-17,WMT,-0.24,1.69,-1.69,1,-1.69,1.66224457,1.63415263,63.415263
2023-09-28,JBL,1.61,-0.06,-0.06,1,-0.06,1.63415263,1.63317214,63.317214
2023-10-18,NFLX,16.91,-0.73,-0.73,1,-0.73,1.63317214,1.62124998,62.124998
2023-10-19,ISRG,-4.9,2.64,-2.64,1,-2.64,1.62124998,1.57844899,57.844899
2023-10-24,VZ,0.58,-2.35,-2.35,1,-2.35,1.57844899,1.54135543,54.135543
2023-10-25,EW,-8.55,0.45,-0.45,3,-2.643333,1.54135543,1.50061227,50.061227
2023-10-25,IBM,3.74,1.1,1.1,3,-2.643333,1.54135543,1.50061227,50.061227
2023-10-25,MOH,-9.29,8.58,-8.58,3,-2.643333,1.54135543,1.50061227,50.061227
2023-10-26,CMG,4.33,0.15,0.15,5,-1.138,1.50061227,1.4835353,48.35353
2023-10-26,FE,-1.0,-1.6,1.6,5,-1.138,1.50061227,1.4835353,48.35353
2023-10-26,MHK,4.78,-6.94,-6.94,5,-1.138,1.50061227,1.4835353,48.35353
2023-10-26,RSG,1.4,-1.4,-1.4,5,-1.138,1.50061227,1.4835353,48.35353
2023-10-26,WY,-0.45,-0.9,0.9,5,-1.138,1.50061227,1.4835353,48.35353
2023-10-31,FSLR,4.24,-3.8,-3.8,4,-0.2425,1.4835353,1.47993773,47.993773
2023-10-31,GPN,0.12,2.51,2.51,4,-0.2425,1.4835353,1.47993773,47.993773
2023-10-31,MSCI,-0.68,0.75,-0.75,4,-0.2425,1.4835353,1.47993773,47.993773
2023-10-31,SYY,-0.2,-1.07,1.07,4,-0.2425,1.4835353,1.47993773,47.993773
2023-11-01,BXP,2.58,1.75,1.75,4,-0.9725,1.47993773,1.46554534,46.554534
2023-11-01,EA,5.0,-1.3,-1.3,4,-0.9725,1.47993773,1.46554534,46.554534
2023-11-01,SMCI,3.37,-5.7,-5.7,4,-0.9725,1.47993773,1.46554534,46.554534
2023-11-01,TRMB,0.78,1.36,1.36,4,-0.9725,1.47993773,1.46554534,46.554534
2023-11-02,EXPE,13.88,4.36,4.36,2,1.84,1.46554534,1.49251137,49.251137
2023-11-02,SYK,-1.39,0.68,-0.68,2,1.84,1.46554534,1.49251137,49.251137
2023-11-07,GEN,0.11,1.95,1.95,2,0.71,1.49251137,1.5031082,50.31082
2023-11-07,GILD,-3.87,0.53,-0.53,2,0.71,1.49251137,1.5031082,50.31082
2023-11-16,WMT,-0.06,-0.38,0.38,1,0.38,1.5031082,1.50882001,50.882001
2023-12-14,JBL,0.4,-2.96,-2.96,1,-2.96,1.50882001,1.46415894,46.415894
2024-01-09,ISRG,5.28,4.73,4.73,1,4.73,1.46415894,1.53341366,53.341366
2024-01-18,SMCI,11.6,21.81,21.81,1,21.81,1.53341366,1.86785118,86.785118
2024-01-23,NFLX,9.26,1.32,1.32,1,1.32,1.86785118,1.89250681,89.250681
2024-01-24,IBM,6.34,2.96,2.96,1,2.96,1.89250681,1.94852501,94.852501
2024-01-25,WY,-1.92,1.32,-1.32,1,-1.32,1.94852501,1.92280448,92.280448
2024-01-30,BXP,-0.71,-4.32,4.32,4,0.325,1.92280448,1.9290536,92.90536
2024-01-30,EA,-2.14,2.21,-2.21,4,0.325,1.92280448,1.9290536,92.90536
2024-01-30,MSCI,-0.37,-0.23,0.23,4,0.325,1.92280448,1.9290536,92.90536
2024-01-30,SYK,7.06,-1.04,-1.04,4,0.325,1.92280448,1.9290536,92.90536
2024-02-01,GEN,-6.44,-5.14,5.14,1,5.14,1.9290536,2.02820695,102.820695
2024-02-06,CMG,2.96,4.12,4.12,3,1.103333,2.02820695,2.05058484,105.058484
2024-02-06,EW,1.35,-3.16,-3.16,3,1.103333,2.02820695,2.05058484,105.058484
2024-02-06,GILD,-1.94,-2.35,2.35,3,1.103333,2.02820695,2.05058484,105.058484
2024-02-07,MOH,0.8,4.52,4.52,1,4.52,2.05058484,2.14327127,114.327127
2024-02-08,EXPE,-18.1,0.38,-0.38,3,-0.31,2.14327127,2.13662713,113.662713
2024-02-08,FE,0.59,3.64,3.64,3,-0.31,2.14327127,2.13662713,113.662713
2024-02-08,MHK,-3.67,4.19,-4.19,3,-0.31,2.14327127,2.13662713,113.662713
2024-02-12,TRMB,0.11,2.21,2.21,1,2.21,2.13662713,2.18384659,118.384659
2024-02-14,GPN,0.73,-1.56,-1.56,1,-1.56,2.18384659,2.14977858,114.977858
2024-02-20,WMT,-0.49,-0.74,0.74,1,0.74,2.14977858,2.16568695,116.568695
2024-02-27,FSLR,6.18,-3.05,-3.05,2,-3.245,2.16568695,2.0954104,109.54104
2024-02-27,RSG,4.36,-3.44,-3.44,2,-3.245,2.16568695,2.0954104,109.54104
2024-03-15,JBL,0.79,0.05,0.05,1,0.05,2.0954104,2.09645811,109.645811
2024-04-18,ISRG,3.39,-4.91,-4.91,2,-1.325,2.09645811,2.06868004,106.868004
2024-04-18,NFLX,-6.99,-2.26,2.26,2,-1.325,2.09645811,2.06868004,106.868004
2024-04-22,VZ,0.8,2.03,2.03,1,2.03,2.06868004,2.11067424,111.067424
2024-04-23,MSCI,1.46,2.69,2.69,1,2.69,2.11067424,2.16745138,116.745138
2024-04-24,CMG,2.91,3.32,3.32,3,0.98,2.16745138,2.1886924,118.86924
2024-04-24,IBM,-8.64,0.42,-0.42,3,0.98,2.16745138,2.1886924,118.86924
2024-04-24,MOH,-4.07,-0.04,0.04,3,0.98,2.16745138,2.1886924,118.86924
2024-04-25,EW,-1.15,-0.66,0.66,5,-0.872,2.1886924,2.16960701,116.960701
2024-04-25,FE,-0.96,-0.18,0.18,5,-0.872,2.1886924,2.16960701,116.960701
2024-04-25,GILD,0.35,-0.12,-0.12,5,-0.872,2.1886924,2.16960701,116.960701
2024-04-25,MHK,6.99,-2.14,-2.14,5,-0.872,2.1886924,2.16960701,116.960701
2024-04-25,WY,1.68,-2.94,-2.94,5,-0.872,2.1886924,2.16960701,116.960701
2024-04-30,BXP,-6.29,2.16,-2.16,5,1.394,2.16960701,2.19985133,119.985133
2024-04-30,RSG,-2.06,-0.93,0.93,5,1.394,2.16960701,2.19985133,119.985133
2024-04-30,SMCI,-9.48,-5.02,5.02,5,1.394,2.16960701,2.19985133,119.985133
2024-04-30,SYK,-0.87,-1.64,1.64,5,1.394,2.16960701,2.19985133,119.985133
2024-04-30,SYY,-0.17,-1.54,1.54,5,1.394,2.16960701,2.19985133,119.985133
2024-05-01,FSLR,0.54,1.1,1.1,2,0.26,2.19985133,2.20557094,120.557094
2024-05-01,GPN,1.95,-0.58,-0.58,2,0.26,2.19985133,2.20557094,120.557094
2024-05-02,EXPE,-10.13,-5.71,5.71,1,5.71,2.20557094,2.33150904,133.150904
2024-05-03,TRMB,1.61,-1.11,-1.11,1,-1.11,2.33150904,2.30562929,130.562929
2024-05-07,EA,-2.42,-1.46,1.46,1,1.46,2.30562929,2.33929148,133.929148
2024-05-09,GEN,10.47,4.41,4.41,1,4.41,2.33929148,2.44245423,144.245423
2024-05-16,WMT,0.36,0.64,0.64,1,0.64,2.44245423,2.45808594,145.808594
2024-06-20,JBL,-0.71,1.97,-1.97,1,-1.97,2.45808594,2.40966165,140.966165
2024-07-18,ISRG,8.0,1.24,1.24,2,-1.445,2.40966165,2.37484204,137.484204
2024-07-18,NFLX,2.74,-4.13,-4.13,2,-1.445,2.40966165,2.37484204,137.484204
2024-07-22,VZ,-0.9,0.39,-0.39,1,-0.39,2.37484204,2.36558015,136.558015
2024-07-23,MSCI,-0.21,-1.96,1.96,1,1.96,2.36558015,2.41194552,141.194552
2024-07-24,CMG,-2.45,0.61,-0.61,5,0.92,2.41194552,2.43413542,143.413542
2024-07-24,EW,-26.38,-6.73,6.73,5,0.92,2.41194552,2.43413542,143.413542
2024-07-24,IBM,1.51,2.77,2.77,5,0.92,2.41194552,2.43413542,143.413542
2024-07-24,MOH,10.14,1.94,1.94,5,0.92,2.41194552,2.43413542,143.413542
2024-07-24,RSG,1.13,-6.23,-6.23,5,0.92,2.41194552,2.43413542,143.413542
2024-07-25,MHK,12.13,6.56,6.56,2,4.38,2.43413542,2.54075055,154.075055
2024-07-25,WY,2.01,2.2,2.2,2,4.38,2.43413542,2.54075055,154.075055
2024-07-30,BXP,-1.38,-0.45,0.45,5,-0.554,2.54075055,2.5266748,152.66748
2024-07-30,EA,1.26,-0.04,-0.04,5,-0.554,2.54075055,2.5266748,152.66748
2024-07-30,FE,0.65,-0.38,-0.38,5,-0.554,2.54075055,2.5266748,152.66748
2024-07-30,FSLR,4.38,-1.88,-1.88,5,-0.554,2.54075055,2.5266748,152.66748
2024-07-30,SYK,0.08,-0.92,-0.92,5,-0.554,2.54075055,2.5266748,152.66748
2024-08-01,GEN,-1.27,0.96,-0.96,1,-0.96,2.5266748,2.50241872,150.241872
2024-08-06,SMCI,-13.69,-7.47,7.47,2,2.325,2.50241872,2.56059995,156.059995
2024-08-06,TRMB,1.03,-2.82,-2.82,2,2.325,2.50241872,2.56059995,156.059995
2024-08-07,GPN,0.97,3.62,3.62,1,3.62,2.56059995,2.65329367,165.329367
2024-08-08,EXPE,10.2,0.01,0.01,2,0.86,2.65329367,2.676112,167.6112
2024-08-08,GILD,-0.86,-1.71,1.71,2,0.86,2.65329367,2.676112,167.6112
2024-08-15,WMT,-0.37,1.03,-1.03,1,-1.03,2.676112,2.64854804,164.854804
2024-09-26,JBL,0.92,-4.29,-4.29,1,-4.29,2.64854804,2.53492533,153.492533
2024-10-17,ISRG,4.7,5.07,5.07,2,4.315,2.53492533,2.64430736,164.430736
2024-10-17,NFLX,7.27,3.56,3.56,2,4.315,2.53492533,2.64430736,164.430736
2024-10-22,VZ,0.87,2.39,2.39,1,2.39,2.64430736,2.70750631,170.750631
2024-10-23,IBM,-5.13,-1.09,1.09,2,0.33,2.70750631,2.71644108,171.644108
2024-10-23,MOH,18.18,-0.43,-0.43,2,0.33,2.70750631,2.71644108,171.644108
2024-10-24,EW,-2.09,0.73,-0.73,3,0.926667,2.71644108,2.74161343,174.161343
2024-10-24,MHK,-11.17,-2.98,2.98,3,0.926667,2.71644108,2.74161343,174.161343
2024-10-24,WY,-0.5,-0.53,0.53,3,0.926667,2.71644108,2.74161343,174.161343
2024-10-29,BXP,-1.01,-3.01,3.01,9,-0.131111,2.74161343,2.73801887,173.801887
2024-10-29,CMG,-5.17,-2.84,2.84,9,-0.131111,2.74161343,2.73801887,173.801887
2024-10-29,EA,1.28,1.13,1.13,9,-0.131111,2.74161343,2.73801887,173.801887
2024-10-29,FE,0.54,-2.07,-2.07,9,-0.131111,2.74161343,2.73801887,173.801887
2024-10-29,FSLR,-6.03,5.26,-5.26,9,-0.131111,2.74161343,2.73801887,173.801887
2024-10-29,MSCI,0.53,-2.22,-2.22,9,-0.131111,2.74161343,2.73801887,173.801887
2024-10-29,RSG,-0.15,-2.54,2.54,9,-0.131111,2.74161343,2.73801887,173.801887
2024-10-29,SYK,1.86,-0.62,-0.62,9,-0.131111,2.74161343,2.73801887,173.801887
2024-10-29,SYY,-0.42,0.53,-0.53,9,-0.131111,2.74161343,2.73801887,173.801887
2024-10-30,GEN,2.75,5.28,5.28,2,2.295,2.73801887,2.80085641,180.085641
2024-10-30,GPN,-0.32,0.69,-0.69,2,2.295,2.73801887,2.80085641,180.085641
2024-11-05,SMCI,-24.66,8.77,-8.77,1,-8.77,2.80085641,2.5552213,155.52213
2024-11-06,GILD,2.52,4.15,4.15,2,1.725,2.5552213,2.59929887,159.929887
2024-11-06,TRMB,0.01,-0.7,-0.7,2,1.725,2.5552213,2.59929887,159.929887
2024-11-07,EXPE,3.98,-0.17,-0.17,1,-0.17,2.59929887,2.59488006,159.488006
2024-12-18,JBL,1.1,-3.32,-3.32,1,-3.32,2.59488006,2.50873004,150.873004
